dataset,kind,name,variant,period,n,dates,tickers,open_n,open_mark,mean,median,win,excess,date_mean,worst,mean_mae,cost1_mean,no_best_ticker,no_best_date,date_excess
2026,pattern,rsi2_pullback,common,all,62,17,32.0,0,,0.015557458146121403,0.0045178517050922275,0.532258064516129,0.005422644426610782,0.05892703754557854,-0.23274699398666843,-0.09515886234610288,0.009557458146121403,0.005659170336662629,0.0448158623518515,0.04042571938729095
2026,pattern,rsi2_pullback,common,early,20,5,16.0,0,,0.03230816510308916,0.03213753403454245,0.6,0.022485364587071954,0.05972773603337944,-0.11272827747565706,-0.08737910472496539,0.026308165103089164,0.024601118435866664,0.017855295500847523,0.040560976468182214
2026,pattern,rsi2_pullback,common,late,42,12,22.0,0,,0.007580931023755801,-0.010466805112065599,0.5,-0.0027024604117040613,0.0585934131756615,-0.23274699398666843,-0.09886350883235881,0.001580931023755801,-0.0055860552174051776,0.038037737951156975,0.04036936227025292
2026,unique_pattern,rsi2_pullback,common,all,52,15,29.0,0,,0.018798892848362055,0.031299540223888256,0.5576923076923077,0.010150824389661488,0.0778854212742652,-0.23274699398666843,-0.09124847549887151,0.012798892848362055,0.007171599171921897,0.05865213938552104,0.05995204942545932
2026,unique_pattern,rsi2_pullback,common,early,17,5,14.0,0,,0.0441803339347299,0.06138894376428694,0.6470588235294118,0.0315881981411412,0.06656513885999725,-0.11023783321622782,-0.08578200720030184,0.0381803339347299,0.035770226569380725,0.026402049034119787,0.04654340389985057
2026,unique_pattern,rsi2_pullback,common,late,35,10,21.0,0,,0.006470764320697676,0.01952743415287528,0.5142857142857142,-0.0002616142896286596,0.08354556248139919,-0.23274699398666843,-0.09390361724389107,0.00047076432069767613,-0.00981265967853941,0.05425602856636759,0.0666563721882637
2026,exit,rsi2_pullback,ma20_failure,all,65,17,32.0,0,,0.011148161499255451,-0.02694966560321876,0.47692307692307695,0.004327673514806506,0.04698852801102898,-0.23274699398666843,-0.08391241953821361,0.005148161499255451,0.001304773410935333,0.03572421737649909,0.03108655866579321
2026,exit,rsi2_pullback,ma20_failure,early,20,5,16.0,0,,0.020651759794124546,-0.025122957704938886,0.5,0.01681383300775326,0.05584226759705789,-0.11272827747565706,-0.08737910472496539,0.014651759794124546,0.012331218110640751,0.012998459955445588,0.03867046594174266
2026,exit,rsi2_pullback,ma20_failure,late,45,12,22.0,0,,0.006924340034869187,-0.02694966560321876,0.4666666666666667,-0.0012217307042809396,0.04329946985018359,-0.23274699398666843,-0.08237167056632394,0.0009243400348691866,-0.005343265846098219,0.027996971692725203,0.027926597300814277
2026,exit,rsi2_pullback,signal_low_failure,all,64,19,32.0,0,,0.010151790654479033,-0.010058605206277934,0.484375,0.0015000362973792824,0.051284639730472786,-0.23274699398666843,-0.09141714531312828,0.004151790654479032,3.561613241790308e-05,0.03831679523520953,0.034467081225666836
2026,exit,rsi2_pullback,signal_low_failure,early,20,5,16.0,0,,0.03230816510308916,0.03213753403454245,0.6,0.022485364587071954,0.05972773603337944,-0.11272827747565706,-0.08737910472496539,0.026308165103089164,0.024601118435866664,0.017855295500847523,0.040560976468182214
2026,exit,rsi2_pullback,signal_low_failure,late,44,14,22.0,0,,8.071135965624517e-05,-0.028368876515789117,0.4318181818181818,-0.00803874928884466,0.04826924819372041,-0.23274699398666843,-0.09325261830774778,-0.0059192886403437546,-0.013177947535856641,0.030081818005144183,0.03229069006762563
2026,exit,rsi2_pullback,half_at6,all,62,17,32.0,0,,0.01901808138670183,0.0045178517050922275,0.532258064516129,0.011037636199559352,0.04649501491964977,-0.23274699398666843,-0.09515886234610288,0.01301808138670183,0.012346226428109706,0.035332497635103294,0.03225743066586938
2026,exit,rsi2_pullback,half_at6,early,20,5,16.0,0,,0.021305479485783298,0.03530833990225224,0.6,0.014086386372046478,0.03440653262012515,-0.11272827747565706,-0.08737910472496539,0.015305479485783298,0.013019344101860487,0.005844788520803293,0.019361382962116508
2026,exit,rsi2_pullback,half_at6,late,42,12,22.0,0,,0.017928844196663036,0.002823251697103849,0.5,0.009585850403136911,0.051531882544451686,-0.23274699398666843,-0.09886350883235881,0.011928844196663036,0.00833616645015186,0.03575339082372972,0.03763078387576641
2026,exit,rsi2_pullback,atr_2r,all,56,17,32.0,1,0.14254934895833338,0.027508053152314107,0.04274864567649983,0.5892857142857143,0.00971767984937126,0.10357503691896493,-0.2683848694842601,-0.11606484004104185,0.021508053152314105,0.020069240072013182,0.08835151624410752,0.07365340533113839
2026,exit,rsi2_pullback,atr_2r,early,20,5,16.0,0,,0.04013281237259916,0.06811356155666748,0.7,0.01892402199417239,0.05025412944630301,-0.13974851434102642,-0.09409175553496743,0.03413281237259916,0.03283758924587719,0.018136065900473425,0.02807553110667322
2026,exit,rsi2_pullback,atr_2r,late,36,12,22.0,1,0.14254934895833338,0.020494298029933522,0.01283850662913089,0.5277777777777778,0.004603045324481744,0.12579208169924075,-0.2683848694842601,-0.1282721092110832,0.014494298029933522,0.008267138718727314,0.10566851024310958,0.09264418625799888
2026,pattern,pocket_pivot,common,all,13,7,12.0,6,0.026272512175532503,0.08150868345209418,0.14111615575166114,0.7692307692307693,0.0443131326144696,0.04018218419331666,-0.1395676085839066,-0.07729995142968384,0.07550868345209417,0.06504854868514015,0.017188133728512273,0.011213928265092654
2026,pattern,pocket_pivot,common,early,7,2,7.0,0,,0.10777652113234604,0.14212386659626342,0.8571428571428571,0.07008895879770967,0.07712226969227878,-0.1395676085839066,-0.0833909855020071,0.10177652113234603,0.0916669954881234,0.034206317676184636,0.06197421881343986
2026,pattern,pocket_pivot,common,late,6,5,6.0,6,0.026272512175532503,0.050862872825133666,0.05171516650745711,0.6666666666666666,0.014241335400689522,0.025406149993731808,-0.09147854875497952,-0.07019374501197335,0.04486287282513367,0.023530303265688814,-0.012778934253370983,-0.009090187954246232
2026,unique_pattern,pocket_pivot,common,all,10,6,9.0,3,-0.020601977892742537,0.09200197164853585,0.12263485659509243,0.8,0.05892036919457746,0.07625589092702986,-0.1395676085839066,-0.07002595695281603,0.08600197164853585,0.0719926083930845,0.057753618444050234,0.04972396749032746
2026,unique_pattern,pocket_pivot,common,early,6,2,6.0,0,,0.10205196355502648,0.15821387587520785,0.8333333333333334,0.06903140693170406,0.07491370520348975,-0.1395676085839066,-0.08132087956631433,0.09605196355502647,0.0815756212664954,0.034206317676184664,0.061664277293207295
2026,unique_pattern,pocket_pivot,common,late,4,4,4.0,3,-0.020601977892742537,0.07692698378879992,0.10100410154334516,0.75,0.04375381258888755,0.07692698378879992,-0.06306752127341864,-0.05308357303256861,0.07092698378879991,0.046313560604423896,0.046313560604423896,0.04375381258888755
2026,exit,pocket_pivot,ma20_failure,all,13,7,12.0,6,0.026272512175532503,0.05965975346802372,0.0978546456481666,0.6923076923076923,0.02555889108921663,0.03341942015062819,-0.1395676085839066,-0.07729995142968384,0.05365975346802372,0.03922708597669325,0.009298242345375721,0.005409043983466735
2026,exit,pocket_pivot,ma20_failure,early,7,2,7.0,0,,0.06719993687621519,0.14111615575166114,0.7142857142857143,0.035259653107954154,0.05345259554286913,-0.1395676085839066,-0.0833909855020071,0.06119993687621519,0.04559798544062051,0.03420631767618465,0.04165712382774915
2026,exit,pocket_pivot,ma20_failure,late,6,5,6.0,6,0.026272512175532503,0.050862872825133666,0.05171516650745711,0.6666666666666666,0.014241335400689522,0.025406149993731808,-0.09147854875497952,-0.07019374501197335,0.04486287282513367,0.023530303265688814,-0.012778934253370983,-0.009090187954246232
2026,exit,pocket_pivot,signal_low_failure,all,15,8,12.0,6,0.026272512175532503,0.028564037680544215,0.012343542547223588,0.6,0.006319630698669091,0.010788052405819364,-0.1395676085839066,-0.06976892739251023,0.022564037680544213,0.011962380869739941,-0.00397762779337243,-0.005660002959001027
2026,exit,pocket_pivot,signal_low_failure,early,7,2,7.0,0,,0.04416217051073552,0.03420631767618465,0.5714285714285714,0.017969165308849826,0.04001389849633932,-0.1395676085839066,-0.0833909855020071,0.03816217051073552,0.018720591347560895,0.03420631767618465,0.03157100594493829
2026,exit,pocket_pivot,signal_low_failure,late,8,6,6.0,6,0.026272512175532503,0.014915671454126825,0.00895961495698561,0.625,-0.0038737120852390533,0.0010461037089793772,-0.09147854875497952,-0.057849626546700464,0.008915671454126825,0.00047137860787788144,-0.021574238309257133,-0.018070339260314133
2026,exit,pocket_pivot,half_at6,all,13,7,12.0,6,0.018151893103439103,0.06958876564459202,0.1013843510561323,0.7692307692307693,0.04019557682464022,0.03173871287018092,-0.09147854875497952,-0.07729995142968384,0.06358876564459201,0.055553413017444625,0.0163922251479373,0.008506773278715565
2026,exit,pocket_pivot,half_at6,early,7,2,7.0,0,,0.10065781522541843,0.12033558346151962,0.8571428571428571,0.07079149519220058,0.07296969124657102,-0.043781301085457525,-0.0833909855020071,0.09465781522541843,0.08463217684802431,0.034206317676184636,0.062384031710226225
2026,exit,pocket_pivot,half_at6,late,6,5,6.0,6,0.018151893103439103,0.03334154113362784,0.053480019211439966,0.6666666666666666,0.004500338729153138,0.015246321519624883,-0.09147854875497952,-0.07019374501197335,0.027341541133627842,0.014133756516706498,-0.011896507901379555,-0.013044130093888695
2026,exit,pocket_pivot,atr_2r,all,12,6,11.0,7,0.0401981712602002,0.04357066445494942,0.07551943036038478,0.6666666666666666,0.009838176645890493,0.002166360392007497,-0.1814002317605733,-0.09885203266777694,0.03757066445494942,0.017204563432853492,-0.03954991920045412,-0.018636022360635846
2026,exit,pocket_pivot,atr_2r,early,7,2,7.0,0,,0.05616125442568909,0.1168325430445849,0.7142857142857143,0.018833034868895555,0.04701336411339557,-0.13067792933250288,-0.09507059215954125,0.05016125442568909,0.03733308982349285,0.03420631767618465,0.03207492985496496
2026,exit,pocket_pivot,atr_2r,late,5,4,5.0,7,0.0401981712602002,0.025943838495913883,0.005575687366747632,0.6,-0.0027546248663165907,-0.02025714146868654,-0.1814002317605733,-0.1041460493793069,0.019943838495913885,-0.02606265090167595,-0.09725877474302058,-0.04399149846843625
2026,pattern,strong_flag,common,all,1,1,1.0,0,,0.12371432059151788,0.12371432059151788,1.0,0.10639003771362776,0.12371432059151788,0.12371432059151788,-0.02714284261067712,0.11771432059151787,,,0.10639003771362776
2026,pattern,strong_flag,common,early,0,0,,0,,,,,,,,,,,,
2026,pattern,strong_flag,common,late,1,1,1.0,0,,0.12371432059151788,0.12371432059151788,1.0,0.10639003771362776,0.12371432059151788,0.12371432059151788,-0.02714284261067712,0.11771432059151787,,,0.10639003771362776
2026,unique_pattern,strong_flag,common,all,1,1,1.0,0,,0.12371432059151788,0.12371432059151788,1.0,0.10639003771362776,0.12371432059151788,0.12371432059151788,-0.02714284261067712,0.11771432059151787,,,0.10639003771362776
2026,unique_pattern,strong_flag,common,early,0,0,,0,,,,,,,,,,,,
2026,unique_pattern,strong_flag,common,late,1,1,1.0,0,,0.12371432059151788,0.12371432059151788,1.0,0.10639003771362776,0.12371432059151788,0.12371432059151788,-0.02714284261067712,0.11771432059151787,,,0.10639003771362776
2026,exit,strong_flag,ma20_failure,all,1,1,1.0,0,,0.12371432059151788,0.12371432059151788,1.0,0.10639003771362776,0.12371432059151788,0.12371432059151788,-0.02714284261067712,0.11771432059151787,,,0.10639003771362776
2026,exit,strong_flag,ma20_failure,early,0,0,,0,,,,,,,,,,,,
2026,exit,strong_flag,ma20_failure,late,1,1,1.0,0,,0.12371432059151788,0.12371432059151788,1.0,0.10639003771362776,0.12371432059151788,0.12371432059151788,-0.02714284261067712,0.11771432059151787,,,0.10639003771362776
2026,exit,strong_flag,signal_low_failure,all,1,1,1.0,0,,0.12371432059151788,0.12371432059151788,1.0,0.10639003771362776,0.12371432059151788,0.12371432059151788,-0.02714284261067712,0.11771432059151787,,,0.10639003771362776
2026,exit,strong_flag,signal_low_failure,early,0,0,,0,,,,,,,,,,,,
2026,exit,strong_flag,signal_low_failure,late,1,1,1.0,0,,0.12371432059151788,0.12371432059151788,1.0,0.10639003771362776,0.12371432059151788,0.12371432059151788,-0.02714284261067712,0.11771432059151787,,,0.10639003771362776
2026,exit,strong_flag,half_at6,all,1,1,1.0,0,,0.12371432059151788,0.12371432059151788,1.0,0.10639003771362776,0.12371432059151788,0.12371432059151788,-0.02714284261067712,0.11771432059151787,,,0.10639003771362776
2026,exit,strong_flag,half_at6,early,0,0,,0,,,,,,,,,,,,
2026,exit,strong_flag,half_at6,late,1,1,1.0,0,,0.12371432059151788,0.12371432059151788,1.0,0.10639003771362776,0.12371432059151788,0.12371432059151788,-0.02714284261067712,0.11771432059151787,,,0.10639003771362776
2026,exit,strong_flag,atr_2r,all,1,1,1.0,0,,0.29595233444940483,0.29595233444940483,1.0,0.2827999526798841,0.29595233444940483,0.29595233444940483,-0.02714284261067712,0.2899523344494048,,,0.2827999526798841
2026,exit,strong_flag,atr_2r,early,0,0,,0,,,,,,,,,,,,
2026,exit,strong_flag,atr_2r,late,1,1,1.0,0,,0.29595233444940483,0.29595233444940483,1.0,0.2827999526798841,0.29595233444940483,0.29595233444940483,-0.02714284261067712,0.2899523344494048,,,0.2827999526798841
2026,pattern,volume_climax_recovery,common,all,0,0,,0,,,,,,,,,,,,
2026,unique_pattern,volume_climax_recovery,common,all,0,0,,0,,,,,,,,,,,,
2026,exit,volume_climax_recovery,ma20_failure,all,0,0,,0,,,,,,,,,,,,
2026,exit,volume_climax_recovery,signal_low_failure,all,0,0,,0,,,,,,,,,,,,
2026,exit,volume_climax_recovery,half_at6,all,0,0,,0,,,,,,,,,,,,
2026,exit,volume_climax_recovery,atr_2r,all,0,0,,0,,,,,,,,,,,,
2026,pattern,anchored_vwap_reclaim,common,all,3,2,3.0,0,,0.018815034807718806,0.0906325907417076,0.6666666666666666,-0.006063781619145041,0.042259343124028736,-0.1467797543915097,-0.09580963038722053,0.012815034807718806,-0.02807358182490105,-0.02807358182490105,0.015896753329268876
2026,pattern,anchored_vwap_reclaim,common,early,0,0,,0,,,,,,,,,,,,
2026,pattern,anchored_vwap_reclaim,common,late,3,2,3.0,0,,0.018815034807718806,0.0906325907417076,0.6666666666666666,-0.006063781619145041,0.042259343124028736,-0.1467797543915097,-0.09580963038722053,0.012815034807718806,-0.02807358182490105,-0.02807358182490105,0.015896753329268876
2026,unique_pattern,anchored_vwap_reclaim,common,all,1,1,1.0,0,,-0.1467797543915097,-0.1467797543915097,0.0,-0.14127485251286043,-0.1467797543915097,-0.1467797543915097,-0.1427797543915097,-0.1527797543915097,,,-0.14127485251286043
2026,unique_pattern,anchored_vwap_reclaim,common,early,0,0,,0,,,,,,,,,,,,
2026,unique_pattern,anchored_vwap_reclaim,common,late,1,1,1.0,0,,-0.1467797543915097,-0.1467797543915097,0.0,-0.14127485251286043,-0.1467797543915097,-0.1467797543915097,-0.1427797543915097,-0.1527797543915097,,,-0.14127485251286043
2026,exit,anchored_vwap_reclaim,ma20_failure,all,3,2,3.0,0,,0.018815034807718806,0.0906325907417076,0.6666666666666666,-0.006063781619145041,0.042259343124028736,-0.1467797543915097,-0.09580963038722053,0.012815034807718806,-0.02807358182490105,-0.02807358182490105,0.015896753329268876
2026,exit,anchored_vwap_reclaim,ma20_failure,early,0,0,,0,,,,,,,,,,,,
2026,exit,anchored_vwap_reclaim,ma20_failure,late,3,2,3.0,0,,0.018815034807718806,0.0906325907417076,0.6666666666666666,-0.006063781619145041,0.042259343124028736,-0.1467797543915097,-0.09580963038722053,0.012815034807718806,-0.02807358182490105,-0.02807358182490105,0.015896753329268876
2026,exit,anchored_vwap_reclaim,signal_low_failure,all,3,2,3.0,0,,0.018815034807718806,0.0906325907417076,0.6666666666666666,-0.006063781619145041,0.042259343124028736,-0.1467797543915097,-0.09580963038722053,0.012815034807718806,-0.02807358182490105,-0.02807358182490105,0.015896753329268876
2026,exit,anchored_vwap_reclaim,signal_low_failure,early,0,0,,0,,,,,,,,,,,,
2026,exit,anchored_vwap_reclaim,signal_low_failure,late,3,2,3.0,0,,0.018815034807718806,0.0906325907417076,0.6666666666666666,-0.006063781619145041,0.042259343124028736,-0.1467797543915097,-0.09580963038722053,0.012815034807718806,-0.02807358182490105,-0.02807358182490105,0.015896753329268876
2026,exit,anchored_vwap_reclaim,half_at6,all,3,2,3.0,0,,0.018815034807718806,0.0906325907417076,0.6666666666666666,-0.006063781619145041,0.042259343124028736,-0.1467797543915097,-0.09580963038722053,0.012815034807718806,-0.02807358182490105,-0.02807358182490105,0.015896753329268876
2026,exit,anchored_vwap_reclaim,half_at6,early,0,0,,0,,,,,,,,,,,,
2026,exit,anchored_vwap_reclaim,half_at6,late,3,2,3.0,0,,0.018815034807718806,0.0906325907417076,0.6666666666666666,-0.006063781619145041,0.042259343124028736,-0.1467797543915097,-0.09580963038722053,0.012815034807718806,-0.02807358182490105,-0.02807358182490105,0.015896753329268876
2026,exit,anchored_vwap_reclaim,atr_2r,all,2,1,2.0,1,0.16368881874834385,0.07850194331573346,0.07850194331573346,0.5,0.037930332323037996,0.07850194331573346,-0.11040231101813203,-0.1476023325194472,0.07250194331573345,-0.11040231101813203,,0.037930332323037996
2026,exit,anchored_vwap_reclaim,atr_2r,early,0,0,,0,,,,,,,,,,,,
2026,exit,anchored_vwap_reclaim,atr_2r,late,2,1,2.0,1,0.16368881874834385,0.07850194331573346,0.07850194331573346,0.5,0.037930332323037996,0.07850194331573346,-0.11040231101813203,-0.1476023325194472,0.07250194331573345,-0.11040231101813203,,0.037930332323037996
2026,pattern,regression_reclaim,common,all,5,1,5.0,0,,-0.042325436985164465,-0.09133148239964417,0.4,-0.07983104788790907,-0.042325436985164465,-0.16280893730865387,-0.13567378404858613,-0.04832543698516446,-0.07757189583952503,,-0.07983104788790907
2026,pattern,regression_reclaim,common,early,0,0,,0,,,,,,,,,,,,
2026,pattern,regression_reclaim,common,late,5,1,5.0,0,,-0.042325436985164465,-0.09133148239964417,0.4,-0.07983104788790907,-0.042325436985164465,-0.16280893730865387,-0.13567378404858613,-0.04832543698516446,-0.07757189583952503,,-0.07983104788790907
2026,unique_pattern,regression_reclaim,common,all,2,1,2.0,0,,-0.024059677979615945,-0.024059677979615945,0.5,-0.04597094767068777,-0.024059677979615945,-0.1467797543915097,-0.12286046543104895,-0.030059677979615944,-0.1467797543915097,,-0.04597094767068777
2026,unique_pattern,regression_reclaim,common,early,0,0,,0,,,,,,,,,,,,
2026,unique_pattern,regression_reclaim,common,late,2,1,2.0,0,,-0.024059677979615945,-0.024059677979615945,0.5,-0.04597094767068777,-0.024059677979615945,-0.1467797543915097,-0.12286046543104895,-0.030059677979615944,-0.1467797543915097,,-0.04597094767068777
2026,exit,regression_reclaim,ma20_failure,all,5,1,5.0,0,,-0.042325436985164465,-0.09133148239964417,0.4,-0.07983104788790907,-0.042325436985164465,-0.16280893730865387,-0.13567378404858613,-0.04832543698516446,-0.07757189583952503,,-0.07983104788790907
2026,exit,regression_reclaim,ma20_failure,early,0,0,,0,,,,,,,,,,,,
2026,exit,regression_reclaim,ma20_failure,late,5,1,5.0,0,,-0.042325436985164465,-0.09133148239964417,0.4,-0.07983104788790907,-0.042325436985164465,-0.16280893730865387,-0.13567378404858613,-0.04832543698516446,-0.07757189583952503,,-0.07983104788790907
2026,exit,regression_reclaim,signal_low_failure,all,5,1,5.0,0,,-0.042325436985164465,-0.09133148239964417,0.4,-0.07983104788790907,-0.042325436985164465,-0.16280893730865387,-0.13567378404858613,-0.04832543698516446,-0.07757189583952503,,-0.07983104788790907
2026,exit,regression_reclaim,signal_low_failure,early,0,0,,0,,,,,,,,,,,,
2026,exit,regression_reclaim,signal_low_failure,late,5,1,5.0,0,,-0.042325436985164465,-0.09133148239964417,0.4,-0.07983104788790907,-0.042325436985164465,-0.16280893730865387,-0.13567378404858613,-0.04832543698516446,-0.07757189583952503,,-0.07983104788790907
2026,exit,regression_reclaim,half_at6,all,5,1,5.0,0,,-0.042325436985164465,-0.09133148239964417,0.4,-0.07983104788790907,-0.042325436985164465,-0.16280893730865387,-0.13567378404858613,-0.04832543698516446,-0.07757189583952503,,-0.07983104788790907
2026,exit,regression_reclaim,half_at6,early,0,0,,0,,,,,,,,,,,,
2026,exit,regression_reclaim,half_at6,late,5,1,5.0,0,,-0.042325436985164465,-0.09133148239964417,0.4,-0.07983104788790907,-0.042325436985164465,-0.16280893730865387,-0.13567378404858613,-0.04832543698516446,-0.07757189583952503,,-0.07983104788790907
2026,exit,regression_reclaim,atr_2r,all,5,1,5.0,0,,0.027790078938819927,-0.09133148239964417,0.4,-0.016861806985905337,0.027790078938819927,-0.16280893730865387,-0.14158863368892766,0.02179007893881993,-0.032113950738874825,,-0.016861806985905337
2026,exit,regression_reclaim,atr_2r,early,0,0,,0,,,,,,,,,,,,
2026,exit,regression_reclaim,atr_2r,late,5,1,5.0,0,,0.027790078938819927,-0.09133148239964417,0.4,-0.016861806985905337,0.027790078938819927,-0.16280893730865387,-0.14158863368892766,0.02179007893881993,-0.032113950738874825,,-0.016861806985905337
2026,pattern,higher_low_breakout,common,all,5,4,5.0,1,0.10620119091023894,0.06936528824195476,0.10415355743852373,0.8,0.02811462764185386,0.05816965685240297,-0.09147854875497952,-0.06087495240734453,0.06336528824195475,0.03559819155302299,0.009414984137310012,0.015351430047188808
2026,pattern,higher_low_breakout,common,early,1,1,1.0,0,,0.20443367499768184,0.20443367499768184,1.0,0.13874407839516167,0.20443367499768184,0.20443367499768184,-0.09969883425382053,0.19843367499768183,,,0.13874407839516167
2026,pattern,higher_low_breakout,common,late,4,3,4.0,1,0.10620119091023894,0.03559819155302299,0.05486462240263568,0.75,0.0004572649535269091,0.009414984137310012,-0.09147854875497952,-0.05116898194572553,0.02959819155302299,0.006083565350097279,-0.042951430694115944,-0.025779452735468816
2026,unique_pattern,higher_low_breakout,common,all,2,2,2.0,0,,0.15429361621810278,0.15429361621810278,1.0,0.10604186296761875,0.15429361621810278,0.10415355743852373,-0.055183985949103564,0.14829361621810278,0.10415355743852373,0.10415355743852373,0.10604186296761875
2026,unique_pattern,higher_low_breakout,common,early,1,1,1.0,0,,0.20443367499768184,0.20443367499768184,1.0,0.13874407839516167,0.20443367499768184,0.20443367499768184,-0.09969883425382053,0.19843367499768183,,,0.13874407839516167
2026,unique_pattern,higher_low_breakout,common,late,1,1,1.0,0,,0.10415355743852373,0.10415355743852373,1.0,0.07333964754007583,0.10415355743852373,0.10415355743852373,-0.010669137644386595,0.09815355743852372,,,0.07333964754007583
2026,exit,higher_low_breakout,ma20_failure,all,5,4,5.0,1,0.10620119091023894,0.01255807028337157,0.005575687366747632,0.6,-0.020646400323803847,-0.012839365595826019,-0.09147854875497952,-0.06087495240734453,0.00655807028337157,-0.015337929686235569,-0.055168425394488664,-0.04559985490988333
2026,exit,higher_low_breakout,ma20_failure,early,1,1,1.0,0,,-0.07960241479523411,-0.07960241479523411,0.0,-0.10506106143312688,-0.07960241479523411,-0.07960241479523411,-0.09969883425382053,-0.08560241479523412,,,-0.10506106143312688
2026,exit,higher_low_breakout,ma20_failure,late,4,3,4.0,1,0.10620119091023894,0.03559819155302299,0.05486462240263568,0.75,0.0004572649535269091,0.009414984137310012,-0.09147854875497952,-0.05116898194572553,0.02959819155302299,0.006083565350097279,-0.042951430694115944,-0.025779452735468816
2026,exit,higher_low_breakout,signal_low_failure,all,5,4,5.0,1,0.10620119091023894,0.01255807028337157,0.005575687366747632,0.6,-0.020646400323803847,-0.012839365595826019,-0.09147854875497952,-0.06087495240734453,0.00655807028337157,-0.015337929686235569,-0.055168425394488664,-0.04559985490988333
2026,exit,higher_low_breakout,signal_low_failure,early,1,1,1.0,0,,-0.07960241479523411,-0.07960241479523411,0.0,-0.10506106143312688,-0.07960241479523411,-0.07960241479523411,-0.09969883425382053,-0.08560241479523412,,,-0.10506106143312688
2026,exit,higher_low_breakout,signal_low_failure,late,4,3,4.0,1,0.10620119091023894,0.03559819155302299,0.05486462240263568,0.75,0.0004572649535269091,0.009414984137310012,-0.09147854875497952,-0.05116898194572553,0.02959819155302299,0.006083565350097279,-0.042951430694115944,-0.025779452735468816
2026,exit,higher_low_breakout,half_at6,all,5,4,5.0,1,0.07578469363938967,0.04965201376785424,0.10415355743852373,0.8,0.012831738106896728,0.03564555073456682,-0.09147854875497952,-0.06087495240734453,0.04365201376785424,0.03136321760344399,0.00659166817092401,-0.0021555056318681015
2026,exit,higher_low_breakout,half_at6,early,1,1,1.0,0,,0.12280719842549526,0.12280719842549526,1.0,0.07510304063749207,0.12280719842549526,0.12280719842549526,-0.09969883425382053,0.11680719842549525,,,0.07510304063749207
2026,exit,higher_low_breakout,half_at6,late,4,3,4.0,1,0.07578469363938967,0.03136321760344399,0.05486462240263568,0.75,-0.0027360875257521067,0.00659166817092401,-0.09147854875497952,-0.05116898194572553,0.02536321760344399,0.006083565350097279,-0.042951430694115944,-0.027908354388321493
2026,exit,higher_low_breakout,atr_2r,all,3,3,3.0,3,0.11436559229463057,-0.06332616908790752,-0.07960241479523411,0.3333333333333333,-0.09411940128935788,-0.06332616908790752,-0.11595177983523608,-0.10229256525797396,-0.06932616908790752,-0.0977770973152351,-0.0977770973152351,-0.09411940128935788
2026,exit,higher_low_breakout,atr_2r,early,1,1,1.0,0,,-0.07960241479523411,-0.07960241479523411,0.0,-0.10506106143312688,-0.07960241479523411,-0.07960241479523411,-0.09969883425382053,-0.08560241479523412,,,-0.10506106143312688
2026,exit,higher_low_breakout,atr_2r,late,2,2,2.0,3,0.11436559229463057,-0.055188046234244226,-0.055188046234244226,0.5,-0.08864857121747338,-0.055188046234244226,-0.11595177983523608,-0.10358943076005067,-0.061188046234244224,-0.11595177983523608,-0.11595177983523608,-0.08864857121747338
2026,pattern,breakout_acceptance,common,all,2,1,2.0,2,0.032605151117873876,-0.12009730016056835,-0.12009730016056835,0.0,-0.1133735102456645,-0.12009730016056835,-0.1274782343325408,-0.13336854184701352,-0.12609730016056836,-0.1274782343325408,,-0.1133735102456645
2026,pattern,breakout_acceptance,common,early,2,1,2.0,0,,-0.12009730016056835,-0.12009730016056835,0.0,-0.1133735102456645,-0.12009730016056835,-0.1274782343325408,-0.13336854184701352,-0.12609730016056836,-0.1274782343325408,,-0.1133735102456645
2026,pattern,breakout_acceptance,common,late,0,0,,2,,,,,,,,,,,,
2026,unique_pattern,breakout_acceptance,common,all,1,1,1.0,2,0.032605151117873876,-0.11271636598859591,-0.11271636598859591,0.0,-0.11078728748064637,-0.11271636598859591,-0.11271636598859591,-0.14325884936148625,-0.11871636598859592,,,-0.11078728748064637
2026,unique_pattern,breakout_acceptance,common,early,1,1,1.0,0,,-0.11271636598859591,-0.11271636598859591,0.0,-0.11078728748064637,-0.11271636598859591,-0.11271636598859591,-0.14325884936148625,-0.11871636598859592,,,-0.11078728748064637
2026,unique_pattern,breakout_acceptance,common,late,0,0,,2,,,,,,,,,,,,
2026,exit,breakout_acceptance,ma20_failure,all,2,1,2.0,2,0.032605151117873876,-0.12009730016056835,-0.12009730016056835,0.0,-0.1133735102456645,-0.12009730016056835,-0.1274782343325408,-0.13336854184701352,-0.12609730016056836,-0.1274782343325408,,-0.1133735102456645
2026,exit,breakout_acceptance,ma20_failure,early,2,1,2.0,0,,-0.12009730016056835,-0.12009730016056835,0.0,-0.1133735102456645,-0.12009730016056835,-0.1274782343325408,-0.13336854184701352,-0.12609730016056836,-0.1274782343325408,,-0.1133735102456645
2026,exit,breakout_acceptance,ma20_failure,late,0,0,,2,,,,,,,,,,,,
2026,exit,breakout_acceptance,signal_low_failure,all,2,1,2.0,2,0.032605151117873876,-0.12009730016056835,-0.12009730016056835,0.0,-0.1133735102456645,-0.12009730016056835,-0.1274782343325408,-0.13336854184701352,-0.12609730016056836,-0.1274782343325408,,-0.1133735102456645
2026,exit,breakout_acceptance,signal_low_failure,early,2,1,2.0,0,,-0.12009730016056835,-0.12009730016056835,0.0,-0.1133735102456645,-0.12009730016056835,-0.1274782343325408,-0.13336854184701352,-0.12609730016056836,-0.1274782343325408,,-0.1133735102456645
2026,exit,breakout_acceptance,signal_low_failure,late,0,0,,2,,,,,,,,,,,,
2026,exit,breakout_acceptance,half_at6,all,2,1,2.0,2,0.026416677761367968,-0.12009730016056835,-0.12009730016056835,0.0,-0.1133735102456645,-0.12009730016056835,-0.1274782343325408,-0.13336854184701352,-0.12609730016056836,-0.1274782343325408,,-0.1133735102456645
2026,exit,breakout_acceptance,half_at6,early,2,1,2.0,0,,-0.12009730016056835,-0.12009730016056835,0.0,-0.1133735102456645,-0.12009730016056835,-0.1274782343325408,-0.13336854184701352,-0.12609730016056836,-0.1274782343325408,,-0.1133735102456645
2026,exit,breakout_acceptance,half_at6,late,0,0,,2,,,,,,,,,,,,
2026,exit,breakout_acceptance,atr_2r,all,2,1,2.0,2,0.032605151117873876,-0.09627123177996372,-0.09627123177996372,0.0,-0.09434215327201417,-0.09627123177996372,-0.11271636598859591,-0.14658593713191498,-0.10227123177996372,-0.11271636598859591,,-0.09434215327201417
2026,exit,breakout_acceptance,atr_2r,early,2,1,2.0,0,,-0.09627123177996372,-0.09627123177996372,0.0,-0.09434215327201417,-0.09627123177996372,-0.11271636598859591,-0.14658593713191498,-0.10227123177996372,-0.11271636598859591,,-0.09434215327201417
2026,exit,breakout_acceptance,atr_2r,late,0,0,,2,,,,,,,,,,,,
2026,pattern,obv_leads_price,common,all,10,5,9.0,0,,0.07215184790098285,0.10114532524287734,0.7,0.018869278249917763,0.04779511131178937,-0.09147854875497952,-0.07487314668581392,0.06615184790098284,0.05236846387061446,0.02638084584109185,0.004077738167766682
2026,pattern,obv_leads_price,common,early,5,1,5.0,0,,0.08727268731407553,0.14111615575166114,0.6,0.021583090711555376,0.08727268731407553,-0.028083915633147268,-0.0818296223204699,0.08127268731407553,0.05798244039317396,,0.021583090711555376
2026,pattern,obv_leads_price,common,late,5,4,5.0,0,,0.05703100848789015,0.09813709304723095,0.8,0.016155465788280154,0.03792571731121783,-0.09147854875497952,-0.06791667105115792,0.051031008487890155,0.029096947274380697,0.006083565350097279,-0.0002985999681804907
2026,unique_pattern,obv_leads_price,common,all,7,3,6.0,1,-0.01648853592663357,0.09504249625739956,0.10415355743852373,0.7142857142857143,0.03839489839033642,0.10372187437554392,-0.028083915633147268,-0.06998263718011954,0.08904249625739956,0.07254534115137683,0.08885672496602615,0.05439389074840232
2026,unique_pattern,obv_leads_price,common,early,4,1,4.0,0,,0.07355989249352857,0.05894490530478985,0.5,0.007870295891008405,0.07355989249352857,-0.028083915633147268,-0.07833412262154643,0.06755989249352856,0.029935298325477477,,0.007870295891008405
2026,unique_pattern,obv_leads_price,common,late,3,2,3.0,1,-0.01648853592663357,0.12368596794256088,0.10415355743852373,1.0,0.07909436838944044,0.1188028653165516,0.09813709304723095,-0.05884732325821703,0.11768596794256088,0.10114532524287734,0.10415355743852373,0.07765568817709928
2026,exit,obv_leads_price,ma20_failure,all,10,5,9.0,0,,0.025695817006585343,-0.008825328887666902,0.5,-0.01457079320065966,0.019968171086786383,-0.09147854875497952,-0.07487314668581392,0.01969581700658534,0.009798990747102825,-0.0010781755011479502,-0.01523817792563103
2026,exit,obv_leads_price,ma20_failure,early,5,1,5.0,0,,0.025175718416093805,-0.023226345142081436,0.4,-0.02549742714571033,0.025175718416093805,-0.07960241479523411,-0.0818296223204699,0.019175718416093807,-0.004061318628948596,,-0.02549742714571033
2026,exit,obv_leads_price,ma20_failure,late,5,4,5.0,0,,0.026215915597076877,0.005575687366747632,0.6,-0.003644159255608992,0.018666284254459528,-0.09147854875497952,-0.06791667105115792,0.020215915597076875,-0.009421918839135901,-0.00982947347356187,-0.012673365620611207
2026,exit,obv_leads_price,signal_low_failure,all,10,5,9.0,0,,-0.009870382299672197,-0.021183421552087852,0.3,-0.041611300261544235,-0.006360226297919011,-0.09147854875497952,-0.07305903259091574,-0.0158703822996722,-0.026646664305375902,-0.0339886722320297,-0.03496359423339024
2026,exit,obv_leads_price,signal_low_failure,early,5,1,5.0,0,,-0.005616954655746674,-0.023226345142081436,0.2,-0.04988106298946156,-0.005616954655746674,-0.07960241479523411,-0.0818296223204699,-0.011616954655746674,-0.04230023225759863,,-0.04988106298946156
2026,exit,obv_leads_price,signal_low_failure,late,5,4,5.0,0,,-0.01412380994359772,-0.014541671389270757,0.4,-0.03334153753362692,-0.006546044208462096,-0.09147854875497952,-0.06428844286136157,-0.02012380994359772,-0.04369315178912808,-0.04344591142412404,-0.031234227044372412
2026,exit,obv_leads_price,half_at6,all,10,5,9.0,0,,0.051097527462050985,0.09131862163469057,0.7,0.005043564196183159,0.03547782580367405,-0.09147854875497952,-0.07487314668581392,0.045097527462050986,0.03805556244216034,0.018308892894961626,-0.004154975504999156
2026,exit,obv_leads_price,half_at6,early,5,1,5.0,0,,0.05814923754468708,0.09891366661164924,0.6,0.0029397561083261527,0.05814923754468708,-0.028083915633147268,-0.0818296223204699,0.05214923754468708,0.04198474732448504,,0.0029397561083261527
2026,exit,obv_leads_price,half_at6,late,5,4,5.0,0,,0.04404581737941489,0.08372357665773189,0.8,0.0071473722840401654,0.029809972868420784,-0.09147854875497952,-0.06791667105115792,0.03804581737941489,0.025493568177005932,0.005028778011719803,-0.005928658408330484
2026,exit,obv_leads_price,atr_2r,all,8,4,8.0,2,0.16463817417800275,0.03449013129940581,-0.008825328887666902,0.5,-0.0161349094295897,0.03851479324331927,-0.11595177983523608,-0.08671632374059049,0.028490131299405815,0.005993036329853326,-0.02663687437099871,-0.005091881605077064
2026,exit,obv_leads_price,atr_2r,early,5,1,5.0,0,,0.030465469355492346,-0.023226345142081436,0.4,-0.027177937254102336,0.030465469355492346,-0.07960241479523411,-0.0818296223204699,0.024465469355492347,0.0025508700452995803,,-0.027177937254102336
2026,exit,obv_leads_price,atr_2r,late,3,3,3.0,2,0.16463817417800275,0.041197901205928256,0.005575687366747632,0.6666666666666666,0.002270136944598026,0.041197901205928256,-0.11595177983523608,-0.09486082610745812,0.03519790120592826,-0.055188046234244226,-0.055188046234244226,0.002270136944598026
2026,pattern,ma_cross_first_pullback,common,all,2,2,2.0,2,0.016467857568303157,0.03294772130310225,0.03294772130310225,0.5,0.012490950657424504,0.03294772130310225,-0.09636722729664238,-0.06142635461710444,0.026947721303102252,-0.09636722729664238,-0.09636722729664238,0.012490950657424504
2026,pattern,ma_cross_first_pullback,common,early,0,0,,0,,,,,,,,,,,,
2026,pattern,ma_cross_first_pullback,common,late,2,2,2.0,2,0.016467857568303157,0.03294772130310225,0.03294772130310225,0.5,0.012490950657424504,0.03294772130310225,-0.09636722729664238,-0.06142635461710444,0.026947721303102252,-0.09636722729664238,-0.09636722729664238,0.012490950657424504
2026,unique_pattern,ma_cross_first_pullback,common,all,0,0,,0,,,,,,,,,,,,
2026,exit,ma_cross_first_pullback,ma20_failure,all,2,2,2.0,2,0.016467857568303157,0.03294772130310225,0.03294772130310225,0.5,0.012490950657424504,0.03294772130310225,-0.09636722729664238,-0.06142635461710444,0.026947721303102252,-0.09636722729664238,-0.09636722729664238,0.012490950657424504
2026,exit,ma_cross_first_pullback,ma20_failure,early,0,0,,0,,,,,,,,,,,,
2026,exit,ma_cross_first_pullback,ma20_failure,late,2,2,2.0,2,0.016467857568303157,0.03294772130310225,0.03294772130310225,0.5,0.012490950657424504,0.03294772130310225,-0.09636722729664238,-0.06142635461710444,0.026947721303102252,-0.09636722729664238,-0.09636722729664238,0.012490950657424504
2026,exit,ma_cross_first_pullback,signal_low_failure,all,2,2,2.0,2,0.016467857568303157,0.03294772130310225,0.03294772130310225,0.5,0.012490950657424504,0.03294772130310225,-0.09636722729664238,-0.06142635461710444,0.026947721303102252,-0.09636722729664238,-0.09636722729664238,0.012490950657424504
2026,exit,ma_cross_first_pullback,signal_low_failure,early,0,0,,0,,,,,,,,,,,,
2026,exit,ma_cross_first_pullback,signal_low_failure,late,2,2,2.0,2,0.016467857568303157,0.03294772130310225,0.03294772130310225,0.5,0.012490950657424504,0.03294772130310225,-0.09636722729664238,-0.06142635461710444,0.026947721303102252,-0.09636722729664238,-0.09636722729664238,0.012490950657424504
2026,exit,ma_cross_first_pullback,half_at6,all,2,2,2.0,2,0.005794762598856695,0.022270568296538618,0.022270568296538618,0.5,0.008449565357088573,0.022270568296538618,-0.09636722729664238,-0.06142635461710444,0.01627056829653862,-0.09636722729664238,-0.09636722729664238,0.008449565357088573
2026,exit,ma_cross_first_pullback,half_at6,early,0,0,,0,,,,,,,,,,,,
2026,exit,ma_cross_first_pullback,half_at6,late,2,2,2.0,2,0.005794762598856695,0.022270568296538618,0.022270568296538618,0.5,0.008449565357088573,0.022270568296538618,-0.09636722729664238,-0.06142635461710444,0.01627056829653862,-0.09636722729664238,-0.09636722729664238,0.008449565357088573
2026,exit,ma_cross_first_pullback,atr_2r,all,0,0,,4,,,,,,,,,,,,
2026,exit,ma_cross_first_pullback,atr_2r,early,0,0,,0,,,,,,,,,,,,
2026,exit,ma_cross_first_pullback,atr_2r,late,0,0,,4,,,,,,,,,,,,
2026,pattern,breadth_followthrough,common,all,0,0,,0,,,,,,,,,,,,
2026,unique_pattern,breadth_followthrough,common,all,0,0,,0,,,,,,,,,,,,
2026,exit,breadth_followthrough,ma20_failure,all,0,0,,0,,,,,,,,,,,,
2026,exit,breadth_followthrough,signal_low_failure,all,0,0,,0,,,,,,,,,,,,
2026,exit,breadth_followthrough,half_at6,all,0,0,,0,,,,,,,,,,,,
2026,exit,breadth_followthrough,atr_2r,all,0,0,,0,,,,,,,,,,,,
2026,pattern,narrow_range_breakout,common,all,4,4,3.0,1,0.1570260549762963,0.14244891155547018,0.13627714055497997,1.0,0.10860492974218239,0.14244891155547018,0.11691717029841664,-0.04308395749891811,0.13644891155547018,0.12982381713612554,0.12982381713612554,0.10860492974218239
2026,pattern,narrow_range_breakout,common,early,2,2,2.0,0,,0.16122403070488378,0.16122403070488378,1.0,0.11701331955587335,0.16122403070488378,0.14212386659626342,-0.05361864589071741,0.15522403070488378,0.14212386659626342,0.14212386659626342,0.11701331955587335
2026,pattern,narrow_range_breakout,common,late,2,2,2.0,1,0.1570260549762963,0.12367379240605658,0.12367379240605658,1.0,0.10019653992849142,0.12367379240605658,0.11691717029841664,-0.032549269107118806,0.11767379240605658,0.11691717029841664,0.11691717029841664,0.10019653992849142
2026,unique_pattern,narrow_range_breakout,common,all,0,0,,0,,,,,,,,,,,,
2026,exit,narrow_range_breakout,ma20_failure,all,4,4,3.0,1,0.1570260549762963,0.14244891155547018,0.13627714055497997,1.0,0.10860492974218239,0.14244891155547018,0.11691717029841664,-0.04308395749891811,0.13644891155547018,0.12982381713612554,0.12982381713612554,0.10860492974218239
2026,exit,narrow_range_breakout,ma20_failure,early,2,2,2.0,0,,0.16122403070488378,0.16122403070488378,1.0,0.11701331955587335,0.16122403070488378,0.14212386659626342,-0.05361864589071741,0.15522403070488378,0.14212386659626342,0.14212386659626342,0.11701331955587335
2026,exit,narrow_range_breakout,ma20_failure,late,2,2,2.0,1,0.1570260549762963,0.12367379240605658,0.12367379240605658,1.0,0.10019653992849142,0.12367379240605658,0.11691717029841664,-0.032549269107118806,0.11767379240605658,0.11691717029841664,0.11691717029841664,0.10019653992849142
2026,exit,narrow_range_breakout,signal_low_failure,all,4,4,3.0,1,0.1570260549762963,0.10213282041588076,0.12367379240605658,0.75,0.07834657609374981,0.10213282041588076,-0.019140497962094268,-0.04308395749891811,0.09613282041588075,0.07606902895000629,0.07606902895000629,0.07834657609374981
2026,exit,narrow_range_breakout,signal_low_failure,early,2,2,2.0,0,,0.08059184842570494,0.08059184842570494,0.5,0.056496612259008205,0.08059184842570494,-0.019140497962094268,-0.05361864589071741,0.07459184842570493,-0.019140497962094268,-0.01914049796209427,0.056496612259008205
2026,exit,narrow_range_breakout,signal_low_failure,late,2,2,2.0,1,0.1570260549762963,0.12367379240605658,0.12367379240605658,1.0,0.10019653992849142,0.12367379240605658,0.11691717029841664,-0.032549269107118806,0.11767379240605658,0.11691717029841664,0.11691717029841664,0.10019653992849142
2026,exit,narrow_range_breakout,half_at6,all,4,4,3.0,1,0.13871883781458516,0.12434766591270999,0.11710873880022482,1.0,0.09524860962072385,0.12434766591270999,0.08284899123688616,-0.04308395749891811,0.11834766591270998,0.1056888229457786,0.1056888229457786,0.09524860962072385
2026,exit,narrow_range_breakout,half_at6,early,2,2,2.0,0,,0.1396189307125767,0.1396189307125767,1.0,0.10440093897082475,0.1396189307125767,0.09891366661164924,-0.05361864589071741,0.1336189307125767,0.09891366661164924,0.09891366661164924,0.10440093897082475
2026,exit,narrow_range_breakout,half_at6,late,2,2,2.0,1,0.13871883781458516,0.10907640111284328,0.10907640111284328,1.0,0.08609628027062294,0.10907640111284328,0.08284899123688616,-0.032549269107118806,0.10307640111284327,0.08284899123688616,0.08284899123688616,0.08609628027062294
2026,exit,narrow_range_breakout,atr_2r,all,3,3,3.0,2,0.09756397182905141,0.17432293149526812,0.14212386659626342,1.0,0.11620607473683416,0.17432293149526812,0.11940187446291906,-0.05431117120933441,0.1683229314952681,0.13076287052959124,0.13076287052959124,0.11620607473683416
2026,exit,narrow_range_breakout,atr_2r,early,2,2,2.0,0,,0.13076287052959124,0.13076287052959124,1.0,0.06899378667049738,0.13076287052959124,0.11940187446291906,-0.05361864589071741,0.12476287052959123,0.11940187446291906,0.11940187446291906,0.06899378667049738
2026,exit,narrow_range_breakout,atr_2r,late,1,1,1.0,2,0.09756397182905141,0.2614430534266219,0.2614430534266219,1.0,0.21063065086950772,0.2614430534266219,0.2614430534266219,-0.05569622184656842,0.2554430534266219,,,0.21063065086950772
2026,pattern,squeeze_breakout,common,all,4,4,4.0,1,0.10620119091023894,0.056441232348981546,0.06485887876427388,0.75,0.01719189952240377,0.056441232348981546,-0.09147854875497952,-0.06261568006083232,0.05044123234898155,0.012746402924522745,0.012746402924522745,0.01719189952240377
2026,pattern,squeeze_breakout,common,early,0,0,,0,,,,,,,,,,,,
2026,pattern,squeeze_breakout,common,late,4,4,4.0,1,0.10620119091023894,0.056441232348981546,0.06485887876427388,0.75,0.01719189952240377,0.056441232348981546,-0.09147854875497952,-0.06261568006083232,0.05044123234898155,0.012746402924522745,0.012746402924522745,0.01719189952240377
2026,unique_pattern,squeeze_breakout,common,all,0,0,,0,,,,,,,,,,,,
2026,exit,squeeze_breakout,ma20_failure,all,4,4,4.0,1,0.10620119091023894,0.056441232348981546,0.06485887876427388,0.75,0.01719189952240377,0.056441232348981546,-0.09147854875497952,-0.06261568006083232,0.05044123234898155,0.012746402924522745,0.012746402924522745,0.01719189952240377
2026,exit,squeeze_breakout,ma20_failure,early,0,0,,0,,,,,,,,,,,,
2026,exit,squeeze_breakout,ma20_failure,late,4,4,4.0,1,0.10620119091023894,0.056441232348981546,0.06485887876427388,0.75,0.01719189952240377,0.056441232348981546,-0.09147854875497952,-0.06261568006083232,0.05044123234898155,0.012746402924522745,0.012746402924522745,0.01719189952240377
2026,exit,squeeze_breakout,signal_low_failure,all,4,4,4.0,1,0.10620119091023894,0.012645687830197955,0.00895961495698561,0.75,-0.014950764974565683,0.012645687830197955,-0.09147854875497952,-0.06261568006083232,0.006645687830197955,-0.024519772947002767,-0.024519772947002767,-0.014950764974565683
2026,exit,squeeze_breakout,signal_low_failure,early,0,0,,0,,,,,,,,,,,,
2026,exit,squeeze_breakout,signal_low_failure,late,4,4,4.0,1,0.10620119091023894,0.012645687830197955,0.00895961495698561,0.75,-0.014950764974565683,0.012645687830197955,-0.09147854875497952,-0.06261568006083232,0.006645687830197955,-0.024519772947002767,-0.024519772947002767,-0.014950764974565683
2026,exit,squeeze_breakout,half_at6,all,4,4,4.0,1,0.07578469363938967,0.0376699442983717,0.05638893086511587,0.75,0.0033753775539674957,0.0376699442983717,-0.09147854875497952,-0.06261568006083232,0.0316699442983717,0.007099770991750742,0.007099770991750742,0.0033753775539674957
2026,exit,squeeze_breakout,half_at6,early,0,0,,0,,,,,,,,,,,,
2026,exit,squeeze_breakout,half_at6,late,4,4,4.0,1,0.07578469363938967,0.0376699442983717,0.05638893086511587,0.75,0.0033753775539674957,0.0376699442983717,-0.09147854875497952,-0.06261568006083232,0.0316699442983717,0.007099770991750742,0.007099770991750742,0.0033753775539674957
2026,exit,squeeze_breakout,atr_2r,all,3,3,3.0,2,0.09449767430039324,0.0257165427179565,0.005575687366747632,0.6666666666666666,-0.012339652206454499,0.0257165427179565,-0.11595177983523608,-0.0878782638749717,0.019716542717956496,-0.055188046234244226,-0.055188046234244226,-0.012339652206454499
2026,exit,squeeze_breakout,atr_2r,early,0,0,,0,,,,,,,,,,,,
2026,exit,squeeze_breakout,atr_2r,late,3,3,3.0,2,0.09449767430039324,0.0257165427179565,0.005575687366747632,0.6666666666666666,-0.012339652206454499,0.0257165427179565,-0.11595177983523608,-0.0878782638749717,0.019716542717956496,-0.055188046234244226,-0.055188046234244226,-0.012339652206454499
2026,existing,S1,common,all,0,0,,0,,,,,,,,,,,,
2026,filter,S1,efficient_trend,all,0,0,,0,,,,,,,,,,,,
2026,filter,S1,up_volume_dominates,all,0,0,,0,,,,,,,,,,,,
2026,filter,S1,resistance_room,all,0,0,,0,,,,,,,,,,,,
2026,filter,S1,no_range_shock,all,0,0,,0,,,,,,,,,,,,
2026,filter,S1,above_vwap20,all,0,0,,0,,,,,,,,,,,,
2026,filter,S1,broad_participation,all,0,0,,0,,,,,,,,,,,,
2026,filter,S1,rs_vs_watchlist,all,0,0,,0,,,,,,,,,,,,
2026,filter,S1,down_day_resilience,all,0,0,,0,,,,,,,,,,,,
2026,exit,S1,ma20_failure,all,0,0,,0,,,,,,,,,,,,
2026,exit,S1,signal_low_failure,all,0,0,,0,,,,,,,,,,,,
2026,exit,S1,half_at6,all,0,0,,0,,,,,,,,,,,,
2026,exit,S1,atr_2r,all,0,0,,0,,,,,,,,,,,,
2026,existing,S2_core,common,all,22,5,18.0,0,,0.04476105821330721,-5.900699160173856e-06,0.5,0.03775212292890258,0.07220119220808166,-0.1274782343325408,-0.07238183906257553,0.03876105821330721,0.03174229195649489,0.030233619524794628,0.06003403220441367
2026,existing,S2_core,common,early,22,5,18.0,0,,0.04476105821330721,-5.900699160173856e-06,0.5,0.03775212292890258,0.07220119220808166,-0.1274782343325408,-0.07238183906257553,0.03876105821330721,0.03174229195649489,0.030233619524794628,0.06003403220441367
2026,existing,S2_core,common,late,0,0,,0,,,,,,,,,,,,
2026,filter,S2_core,efficient_trend,all,1,1,1.0,0,,0.16198781627609393,0.16198781627609393,1.0,0.13226909730260772,0.16198781627609393,0.16198781627609393,-0.06883905007042812,0.15598781627609393,,,0.13226909730260772
2026,filter,S2_core,efficient_trend,early,1,1,1.0,0,,0.16198781627609393,0.16198781627609393,1.0,0.13226909730260772,0.16198781627609393,0.16198781627609393,-0.06883905007042812,0.15598781627609393,,,0.13226909730260772
2026,filter,S2_core,efficient_trend,late,0,0,,0,,,,,,,,,,,,
2026,filter,S2_core,up_volume_dominates,all,6,5,6.0,0,,0.025619669067814765,-5.900699160173856e-06,0.5,0.024005319330816066,0.030744783021209754,-0.09092614522509934,-0.06583514045666446,0.019619669067814767,-0.001653960373841068,-0.0020659752925112906,0.028421747635221407
2026,filter,S2_core,up_volume_dominates,early,6,5,6.0,0,,0.025619669067814765,-5.900699160173856e-06,0.5,0.024005319330816066,0.030744783021209754,-0.09092614522509934,-0.06583514045666446,0.019619669067814767,-0.001653960373841068,-0.0020659752925112906,0.028421747635221407
2026,filter,S2_core,up_volume_dominates,late,0,0,,0,,,,,,,,,,,,
2026,filter,S2_core,resistance_room,all,12,5,11.0,0,,0.0556747048805967,-0.011987093991128126,0.5,0.04177258454385485,0.07518807311610534,-0.11272827747565706,-0.07334526421904349,0.0496747048805967,0.03181284626916315,0.014446303993540244,0.06432487502705717
2026,filter,S2_core,resistance_room,early,12,5,11.0,0,,0.0556747048805967,-0.011987093991128126,0.5,0.04177258454385485,0.07518807311610534,-0.11272827747565706,-0.07334526421904349,0.0496747048805967,0.03181284626916315,0.014446303993540244,0.06432487502705717
2026,filter,S2_core,resistance_room,late,0,0,,0,,,,,,,,,,,,
2026,filter,S2_core,no_range_shock,all,19,5,15.0,0,,0.04637215729022844,0.00010966186568106898,0.5263157894736842,0.0369517316882624,0.07624912229622913,-0.1274782343325408,-0.07360463626150489,0.040372157290228444,0.03127310216155415,0.03529353213497895,0.06278132413415015
2026,filter,S2_core,no_range_shock,early,19,5,15.0,0,,0.04637215729022844,0.00010966186568106898,0.5263157894736842,0.0369517316882624,0.07624912229622913,-0.1274782343325408,-0.07360463626150489,0.040372157290228444,0.03127310216155415,0.03529353213497895,0.06278132413415015
2026,filter,S2_core,no_range_shock,late,0,0,,0,,,,,,,,,,,,
2026,filter,S2_core,above_vwap20,all,15,5,12.0,0,,0.051457442428988386,0.00010966186568106898,0.5333333333333333,0.04465228744680498,0.06879882928319517,-0.1274782343325408,-0.0679649113267272,0.04545744242898839,0.03711004016898387,0.03762988522327677,0.057263666244839605
2026,filter,S2_core,above_vwap20,early,15,5,12.0,0,,0.051457442428988386,0.00010966186568106898,0.5333333333333333,0.04465228744680498,0.06879882928319517,-0.1274782343325408,-0.0679649113267272,0.04545744242898839,0.03711004016898387,0.03762988522327677,0.057263666244839605
2026,filter,S2_core,above_vwap20,late,0,0,,0,,,,,,,,,,,,
2026,filter,S2_core,broad_participation,all,12,3,12.0,0,,0.010706408770806669,-0.0232870819790712,0.4166666666666667,0.015519905587972746,0.0565794236048913,-0.1274782343325408,-0.07450057020885888,0.004706408770806669,-0.017243476759698697,-0.035166606063277955,0.05417532914137597
2026,filter,S2_core,broad_participation,early,12,3,12.0,0,,0.010706408770806669,-0.0232870819790712,0.4166666666666667,0.015519905587972746,0.0565794236048913,-0.1274782343325408,-0.07450057020885888,0.004706408770806669,-0.017243476759698697,-0.035166606063277955,0.05417532914137597
2026,filter,S2_core,broad_participation,late,0,0,,0,,,,,,,,,,,,
2026,filter,S2_core,rs_vs_watchlist,all,13,5,10.0,0,,0.05180507832741199,-0.00012146326400141669,0.46153846153846156,0.03720655980145016,0.044839329967348775,-0.1274782343325408,-0.07316931281773445,0.04580507832741199,0.035095412015608694,0.015552208390162484,0.0332055905868688
2026,filter,S2_core,rs_vs_watchlist,early,13,5,10.0,0,,0.05180507832741199,-0.00012146326400141669,0.46153846153846156,0.03720655980145016,0.044839329967348775,-0.1274782343325408,-0.07316931281773445,0.04580507832741199,0.035095412015608694,0.015552208390162484,0.0332055905868688
2026,filter,S2_core,rs_vs_watchlist,late,0,0,,0,,,,,,,,,,,,
2026,filter,S2_core,down_day_resilience,all,1,1,1.0,0,,0.00010966186568106898,0.00010966186568106898,1.0,0.0020387403736306133,0.00010966186568106898,0.00010966186568106898,-0.01932155995872087,-0.005890338134318931,,,0.0020387403736306133
2026,filter,S2_core,down_day_resilience,early,1,1,1.0,0,,0.00010966186568106898,0.00010966186568106898,1.0,0.0020387403736306133,0.00010966186568106898,0.00010966186568106898,-0.01932155995872087,-0.005890338134318931,,,0.0020387403736306133
2026,filter,S2_core,down_day_resilience,late,0,0,,0,,,,,,,,,,,,
2026,exit,S2_core,ma20_failure,all,22,5,18.0,0,,0.04476105821330721,-5.900699160173856e-06,0.5,0.03775212292890258,0.07220119220808166,-0.1274782343325408,-0.07238183906257553,0.03876105821330721,0.03174229195649489,0.030233619524794628,0.06003403220441367
2026,exit,S2_core,ma20_failure,early,22,5,18.0,0,,0.04476105821330721,-5.900699160173856e-06,0.5,0.03775212292890258,0.07220119220808166,-0.1274782343325408,-0.07238183906257553,0.03876105821330721,0.03174229195649489,0.030233619524794628,0.06003403220441367
2026,exit,S2_core,ma20_failure,late,0,0,,0,,,,,,,,,,,,
2026,exit,S2_core,signal_low_failure,all,22,5,18.0,0,,0.04092324873537874,-0.01948852196099221,0.45454545454545453,0.0343501963061518,0.06882391986750461,-0.1274782343325408,-0.07238183906257553,0.03492324873537874,0.027721729646284127,0.02601202909907331,0.05704033677639296
2026,exit,S2_core,signal_low_failure,early,22,5,18.0,0,,0.04092324873537874,-0.01948852196099221,0.45454545454545453,0.0343501963061518,0.06882391986750461,-0.1274782343325408,-0.07238183906257553,0.03492324873537874,0.027721729646284127,0.02601202909907331,0.05704033677639296
2026,exit,S2_core,signal_low_failure,late,0,0,,0,,,,,,,,,,,,
2026,exit,S2_core,half_at6,all,22,5,18.0,0,,0.02903755497268612,0.007495527270703909,0.5454545454545454,0.025633515489001325,0.046388538149242785,-0.1274782343325408,-0.07238183906257553,0.02303755497268612,0.018405006444287768,0.02329102410897614,0.03892557812043313
2026,exit,S2_core,half_at6,early,22,5,18.0,0,,0.02903755497268612,0.007495527270703909,0.5454545454545454,0.025633515489001325,0.046388538149242785,-0.1274782343325408,-0.07238183906257553,0.02303755497268612,0.018405006444287768,0.02329102410897614,0.03892557812043313
2026,exit,S2_core,half_at6,late,0,0,,0,,,,,,,,,,,,
2026,exit,S2_core,atr_2r,all,22,5,18.0,0,,0.07855460897961532,0.0599539963468978,0.6363636363636364,0.058902665608377654,0.10635188134842126,-0.09092614522509934,-0.07863207870834721,0.07255460897961531,0.06714505942596054,0.05497390745009054,0.08280562131458294
2026,exit,S2_core,atr_2r,early,22,5,18.0,0,,0.07855460897961532,0.0599539963468978,0.6363636363636364,0.058902665608377654,0.10635188134842126,-0.09092614522509934,-0.07863207870834721,0.07255460897961531,0.06714505942596054,0.05497390745009054,0.08280562131458294
2026,exit,S2_core,atr_2r,late,0,0,,0,,,,,,,,,,,,
2026,existing,S3,common,all,22,6,19.0,0,,0.035570768254042616,0.04376796734194355,0.6363636363636364,0.00865309108332663,0.02641325693006799,-0.18449183860775398,-0.08595285466855025,0.029570768254042618,0.01926795499251427,0.005847889198743411,0.0009240128189583451
2026,existing,S3,common,early,0,0,,0,,,,,,,,,,,,
2026,existing,S3,common,late,22,6,19.0,0,,0.035570768254042616,0.04376796734194355,0.6363636363636364,0.00865309108332663,0.02641325693006799,-0.18449183860775398,-0.08595285466855025,0.029570768254042618,0.01926795499251427,0.005847889198743411,0.0009240128189583451
2026,filter,S3,efficient_trend,all,0,0,,0,,,,,,,,,,,,
2026,filter,S3,up_volume_dominates,all,0,0,,0,,,,,,,,,,,,
2026,filter,S3,resistance_room,all,22,6,19.0,0,,0.035570768254042616,0.04376796734194355,0.6363636363636364,0.00865309108332663,0.02641325693006799,-0.18449183860775398,-0.08595285466855025,0.029570768254042618,0.01926795499251427,0.005847889198743411,0.0009240128189583451
2026,filter,S3,resistance_room,early,0,0,,0,,,,,,,,,,,,
2026,filter,S3,resistance_room,late,22,6,19.0,0,,0.035570768254042616,0.04376796734194355,0.6363636363636364,0.00865309108332663,0.02641325693006799,-0.18449183860775398,-0.08595285466855025,0.029570768254042618,0.01926795499251427,0.005847889198743411,0.0009240128189583451
2026,filter,S3,no_range_shock,all,21,5,18.0,0,,0.03591382881692932,0.05916943825046528,0.6190476190476191,0.009573319575281106,0.026022609029397226,-0.18449183860775398,-0.08865994862833043,0.02991382881692932,0.01878908439036124,0.00021823739007380966,0.0032431568322934894
2026,filter,S3,no_range_shock,early,0,0,,0,,,,,,,,,,,,
2026,filter,S3,no_range_shock,late,21,5,18.0,0,,0.03591382881692932,0.05916943825046528,0.6190476190476191,0.009573319575281106,0.026022609029397226,-0.18449183860775398,-0.08865994862833043,0.02991382881692932,0.01878908439036124,0.00021823739007380966,0.0032431568322934894
2026,filter,S3,above_vwap20,all,0,0,,0,,,,,,,,,,,,
2026,filter,S3,broad_participation,all,0,0,,0,,,,,,,,,,,,
2026,filter,S3,rs_vs_watchlist,all,11,5,10.0,0,,-0.009296550207828018,0.006225654289754749,0.5454545454545454,-0.03709307623030986,-0.015139252577674045,-0.18449183860775398,-0.09370151380916013,-0.015296550207828018,-0.029450026664800632,-0.033716425284708876,-0.037406010582833236
2026,filter,S3,rs_vs_watchlist,early,0,0,,0,,,,,,,,,,,,
2026,filter,S3,rs_vs_watchlist,late,11,5,10.0,0,,-0.009296550207828018,0.006225654289754749,0.5454545454545454,-0.03709307623030986,-0.015139252577674045,-0.18449183860775398,-0.09370151380916013,-0.015296550207828018,-0.029450026664800632,-0.033716425284708876,-0.037406010582833236
2026,filter,S3,down_day_resilience,all,2,2,2.0,0,,0.07366541972438634,0.07366541972438634,1.0,0.030537491302623176,0.07366541972438634,0.02836649643342182,-0.019827926605138047,0.06766541972438633,0.02836649643342182,0.028366496433421817,0.030537491302623176
2026,filter,S3,down_day_resilience,early,0,0,,0,,,,,,,,,,,,
2026,filter,S3,down_day_resilience,late,2,2,2.0,0,,0.07366541972438634,0.07366541972438634,1.0,0.030537491302623176,0.07366541972438634,0.02836649643342182,-0.019827926605138047,0.06766541972438633,0.02836649643342182,0.028366496433421817,0.030537491302623176
2026,exit,S3,ma20_failure,all,22,6,19.0,0,,0.03388207653998893,0.01586855069858995,0.6818181818181818,0.007523398620926744,0.016889342083671762,-0.14426662190755213,-0.08099274765196657,0.027882076539988934,0.01741039410705522,-0.005580808616932065,-0.007228735286520134
2026,exit,S3,ma20_failure,early,0,0,,0,,,,,,,,,,,,
2026,exit,S3,ma20_failure,late,22,6,19.0,0,,0.03388207653998893,0.01586855069858995,0.6818181818181818,0.007523398620926744,0.016889342083671762,-0.14426662190755213,-0.08099274765196657,0.027882076539988934,0.01741039410705522,-0.005580808616932065,-0.007228735286520134
2026,exit,S3,signal_low_failure,all,22,6,19.0,0,,0.02100300896791981,0.017296075361588285,0.5909090909090909,-0.0012874120239149587,0.01878252587543223,-0.18449183860775398,-0.08595285466855025,0.01500300896791981,0.005510969329387156,-0.003308988066819499,-0.004282917380072963
2026,exit,S3,signal_low_failure,early,0,0,,0,,,,,,,,,,,,
2026,exit,S3,signal_low_failure,late,22,6,19.0,0,,0.02100300896791981,0.017296075361588285,0.5909090909090909,-0.0012874120239149587,0.01878252587543223,-0.18449183860775398,-0.08595285466855025,0.01500300896791981,0.005510969329387156,-0.003308988066819499,-0.004282917380072963
2026,exit,S3,half_at6,all,22,6,19.0,0,,0.038008262779777875,0.03532248843923108,0.6363636363636364,0.01489369147590371,0.025289084944096527,-0.14426662190755213,-0.08595285466855025,0.03200826277977788,0.02194919897082306,0.006547620138394802,0.0015601702640863403
2026,exit,S3,half_at6,early,0,0,,0,,,,,,,,,,,,
2026,exit,S3,half_at6,late,22,6,19.0,0,,0.038008262779777875,0.03532248843923108,0.6363636363636364,0.01489369147590371,0.025289084944096527,-0.14426662190755213,-0.08595285466855025,0.03200826277977788,0.02194919897082306,0.006547620138394802,0.0015601702640863403
2026,exit,S3,atr_2r,all,18,5,17.0,3,0.2141357770703561,0.07653800571064936,0.04058732594451564,0.6666666666666666,0.040612460477750495,0.07382652339871576,-0.18449183860775398,-0.09983154143355438,0.07053800571064936,0.04802223402639498,0.021002744758086223,0.04301540599372285
2026,exit,S3,atr_2r,early,0,0,,0,,,,,,,,,,,,
2026,exit,S3,atr_2r,late,18,5,17.0,3,0.2141357770703561,0.07653800571064936,0.04058732594451564,0.6666666666666666,0.040612460477750495,0.07382652339871576,-0.18449183860775398,-0.09983154143355438,0.07053800571064936,0.04802223402639498,0.021002744758086223,0.04301540599372285
2026,proxy,S3,common,all,21,5,19.0,0,,0.1278005657135085,0.15960859634459457,0.8571428571428571,0.07461485717461935,0.10356332504246113,-0.18449183860775398,-0.08893134298765172,0.1218005657135085,0.11934618442936806,0.09195360000476108,0.05704550932729278
2026,proxy,S3,common,early,0,0,,0,,,,,,,,,,,,
2026,proxy,S3,common,late,21,5,19.0,0,,0.1278005657135085,0.15960859634459457,0.8571428571428571,0.07461485717461935,0.10356332504246113,-0.18449183860775398,-0.08893134298765172,0.1218005657135085,0.11934618442936806,0.09195360000476108,0.05704550932729278
2026,proxy,S3,ma20_failure,all,21,5,19.0,0,,0.12797209188617395,0.14238651469768193,0.9047619047619048,0.07461675238229648,0.10087852773494341,-0.055342709687445035,-0.08373504039884976,0.12197209188617394,0.1195262869106668,0.08918786325536968,0.054571234777735754
2026,proxy,S3,ma20_failure,early,0,0,,0,,,,,,,,,,,,
2026,proxy,S3,ma20_failure,late,21,5,19.0,0,,0.12797209188617395,0.14238651469768193,0.9047619047619048,0.07461675238229648,0.10087852773494341,-0.055342709687445035,-0.08373504039884976,0.12197209188617394,0.1195262869106668,0.08918786325536968,0.054571234777735754
2026,proxy,S3,signal_low_failure,all,21,5,19.0,0,,0.05681536017425345,0.06629249765630552,0.6190476190476191,0.026624379585080786,0.038150551464341056,-0.18449183860775398,-0.08893134298765172,0.05081536017425345,0.04427767120804366,0.014012332251294501,0.012482785346677067
2026,proxy,S3,signal_low_failure,early,0,0,,0,,,,,,,,,,,,
2026,proxy,S3,signal_low_failure,late,21,5,19.0,0,,0.05681536017425345,0.06629249765630552,0.6190476190476191,0.026624379585080786,0.038150551464341056,-0.18449183860775398,-0.08893134298765172,0.05081536017425345,0.04427767120804366,0.014012332251294501,0.012482785346677067
2026,proxy,S3,half_at6,all,21,5,19.0,0,,0.12408143486667322,0.14238651469768193,0.9047619047619048,0.07852210021833098,0.10168694032190032,-0.06185766618829708,-0.08893134298765172,0.11808143486667322,0.11623749107692032,0.08760200830299261,0.060708844020955034
2026,proxy,S3,half_at6,early,0,0,,0,,,,,,,,,,,,
2026,proxy,S3,half_at6,late,21,5,19.0,0,,0.12408143486667322,0.14238651469768193,0.9047619047619048,0.07852210021833098,0.10168694032190032,-0.06185766618829708,-0.08893134298765172,0.11808143486667322,0.11623749107692032,0.08760200830299261,0.060708844020955034
2026,proxy,S3,atr_2r,all,18,5,17.0,3,0.2141357770703561,0.07653800571064936,0.04058732594451564,0.6666666666666666,0.040612460477750495,0.07382652339871576,-0.18449183860775398,-0.09983154143355438,0.07053800571064936,0.04802223402639498,0.021002744758086223,0.04301540599372285
2026,proxy,S3,atr_2r,early,0,0,,0,,,,,,,,,,,,
2026,proxy,S3,atr_2r,late,18,5,17.0,3,0.2141357770703561,0.07653800571064936,0.04058732594451564,0.6666666666666666,0.040612460477750495,0.07382652339871576,-0.18449183860775398,-0.09983154143355438,0.07053800571064936,0.04802223402639498,0.021002744758086223,0.04301540599372285
2026,existing,S4,common,all,9,7,7.0,1,0.030746079757758785,0.08105082010720253,0.12486468080995006,0.7777777777777778,0.046879759538033666,0.08187685871926534,-0.10923087868327652,-0.04390162153559358,0.07505082010720253,0.05868156431847812,0.07021930333425576,0.048949370892240336
2026,existing,S4,common,early,0,0,,0,,,,,,,,,,,,
2026,existing,S4,common,late,9,7,7.0,1,0.030746079757758785,0.08105082010720253,0.12486468080995006,0.7777777777777778,0.046879759538033666,0.08187685871926534,-0.10923087868327652,-0.04390162153559358,0.07505082010720253,0.05868156431847812,0.07021930333425576,0.048949370892240336
2026,filter,S4,efficient_trend,all,0,0,,0,,,,,,,,,,,,
2026,filter,S4,up_volume_dominates,all,2,2,2.0,1,0.030746079757758785,0.020985989343772937,0.020985989343772937,0.5,-0.007585022555182119,0.020985989343772937,-0.1006197590087139,-0.051288013222374695,0.014985989343772937,-0.1006197590087139,-0.1006197590087139,-0.007585022555182119
2026,filter,S4,up_volume_dominates,early,0,0,,0,,,,,,,,,,,,
2026,filter,S4,up_volume_dominates,late,2,2,2.0,1,0.030746079757758785,0.020985989343772937,0.020985989343772937,0.5,-0.007585022555182119,0.020985989343772937,-0.1006197590087139,-0.051288013222374695,0.014985989343772937,-0.1006197590087139,-0.1006197590087139,-0.007585022555182119
2026,filter,S4,resistance_room,all,9,7,7.0,1,0.030746079757758785,0.08105082010720253,0.12486468080995006,0.7777777777777778,0.046879759538033666,0.08187685871926534,-0.10923087868327652,-0.04390162153559358,0.07505082010720253,0.05868156431847812,0.07021930333425576,0.048949370892240336
2026,filter,S4,resistance_room,early,0,0,,0,,,,,,,,,,,,
2026,filter,S4,resistance_room,late,9,7,7.0,1,0.030746079757758785,0.08105082010720253,0.12486468080995006,0.7777777777777778,0.046879759538033666,0.08187685871926534,-0.10923087868327652,-0.04390162153559358,0.07505082010720253,0.05868156431847812,0.07021930333425576,0.048949370892240336
2026,filter,S4,no_range_shock,all,8,7,6.0,0,,0.10483603245601242,0.12515888039996026,0.875,0.06570547658086628,0.09812372408839665,-0.1006197590087139,-0.03207032701582814,0.09883603245601241,0.08666697148543723,0.08917397959824229,0.06127964032284006
2026,filter,S4,no_range_shock,early,0,0,,0,,,,,,,,,,,,
2026,filter,S4,no_range_shock,late,8,7,6.0,0,,0.10483603245601242,0.12515888039996026,0.875,0.06570547658086628,0.09812372408839665,-0.1006197590087139,-0.03207032701582814,0.09883603245601241,0.08666697148543723,0.08917397959824229,0.06127964032284006
2026,filter,S4,above_vwap20,all,1,1,1.0,1,0.030746079757758785,-0.1006197590087139,-0.1006197590087139,0.0,-0.1458042667456667,-0.1006197590087139,-0.1006197590087139,-0.09661975900871389,-0.1066197590087139,,,-0.1458042667456667
2026,filter,S4,above_vwap20,early,0,0,,0,,,,,,,,,,,,
2026,filter,S4,above_vwap20,late,1,1,1.0,1,0.030746079757758785,-0.1006197590087139,-0.1006197590087139,0.0,-0.1458042667456667,-0.1006197590087139,-0.1006197590087139,-0.09661975900871389,-0.1066197590087139,,,-0.1458042667456667
2026,filter,S4,broad_participation,all,2,2,2.0,1,0.030746079757758785,0.012122460900618082,0.012122460900618082,0.5,-0.01910434425394092,0.012122460900618082,-0.1006197590087139,-0.055730093078338594,0.0061224609006180816,-0.1006197590087139,-0.1006197590087139,-0.01910434425394092
2026,filter,S4,broad_participation,early,0,0,,0,,,,,,,,,,,,
2026,filter,S4,broad_participation,late,2,2,2.0,1,0.030746079757758785,0.012122460900618082,0.012122460900618082,0.5,-0.01910434425394092,0.012122460900618082,-0.1006197590087139,-0.055730093078338594,0.0061224609006180816,-0.1006197590087139,-0.1006197590087139,-0.01910434425394092
2026,filter,S4,rs_vs_watchlist,all,1,1,1.0,1,0.030746079757758785,-0.10923087868327652,-0.10923087868327652,0.0,-0.10372597680462725,-0.10923087868327652,-0.10923087868327652,-0.13855197769371708,-0.11523087868327653,,,-0.10372597680462725
2026,filter,S4,rs_vs_watchlist,early,0,0,,0,,,,,,,,,,,,
2026,filter,S4,rs_vs_watchlist,late,1,1,1.0,1,0.030746079757758785,-0.10923087868327652,-0.10923087868327652,0.0,-0.10372597680462725,-0.10923087868327652,-0.10923087868327652,-0.13855197769371708,-0.11523087868327653,,,-0.10372597680462725
2026,filter,S4,down_day_resilience,all,0,0,,0,,,,,,,,,,,,
2026,exit,S4,ma20_failure,all,9,7,7.0,1,0.030746079757758785,0.08551187544290151,0.12486468080995006,0.7777777777777778,0.052701048027878686,0.08761250129373545,-0.10923087868327652,-0.042065232382288195,0.0795118754429015,0.06441720689294823,0.07691088633780423,0.056433884664898216
2026,exit,S4,ma20_failure,early,0,0,,0,,,,,,,,,,,,
2026,exit,S4,ma20_failure,late,9,7,7.0,1,0.030746079757758785,0.08551187544290151,0.12486468080995006,0.7777777777777778,0.052701048027878686,0.08761250129373545,-0.10923087868327652,-0.042065232382288195,0.0795118754429015,0.06441720689294823,0.07691088633780423,0.056433884664898216
2026,exit,S4,signal_low_failure,all,10,7,8.0,0,,0.07627052899970602,0.1215449586472559,0.7,0.04335750778708417,0.09143883500790473,-0.10923087868327652,-0.04528520649099501,0.07027052899970601,0.05550235740769803,0.08137494233766839,0.0601966215189693
2026,exit,S4,signal_low_failure,early,0,0,,0,,,,,,,,,,,,
2026,exit,S4,signal_low_failure,late,10,7,8.0,0,,0.07627052899970602,0.1215449586472559,0.7,0.04335750778708417,0.09143883500790473,-0.10923087868327652,-0.04528520649099501,0.07027052899970601,0.05550235740769803,0.08137494233766839,0.0601966215189693
2026,exit,S4,half_at6,all,9,7,7.0,1,0.030746079757758785,0.06956775124746306,0.10562782405635518,0.7777777777777778,0.04201274771065019,0.0699698240933099,-0.10923087868327652,-0.04390162153559358,0.06356775124746306,0.05124991737808265,0.05786617182615159,0.04273791420619076
2026,exit,S4,half_at6,early,0,0,,0,,,,,,,,,,,,
2026,exit,S4,half_at6,late,9,7,7.0,1,0.030746079757758785,0.06956775124746306,0.10562782405635518,0.7777777777777778,0.04201274771065019,0.0699698240933099,-0.10923087868327652,-0.04390162153559358,0.06356775124746306,0.05124991737808265,0.05786617182615159,0.04273791420619076
2026,exit,S4,atr_2r,all,6,4,6.0,4,0.04802861871311945,0.19790483777279888,0.23399209685861955,0.8333333333333334,0.14934022315204473,0.20413300211435123,-0.08166748194549478,-0.04409879090046557,0.19190483777279888,0.172845318308441,0.1777492983441318,0.15803552187855913
2026,exit,S4,atr_2r,early,0,0,,0,,,,,,,,,,,,
2026,exit,S4,atr_2r,late,6,4,6.0,4,0.04802861871311945,0.19790483777279888,0.23399209685861955,0.8333333333333334,0.14934022315204473,0.20413300211435123,-0.08166748194549478,-0.04409879090046557,0.19190483777279888,0.172845318308441,0.1777492983441318,0.15803552187855913
2026,proxy,S4,common,all,7,5,6.0,3,0.01170937814293734,0.18244474268277164,0.1809821783917116,1.0,0.13710510380854427,0.18462854444835625,0.14704743655419406,-0.04174709275192902,0.17644474268277163,0.17541579946959884,0.17463108006999317,0.1430554694683004
2026,proxy,S4,common,early,0,0,,0,,,,,,,,,,,,
2026,proxy,S4,common,late,7,5,6.0,3,0.01170937814293734,0.18244474268277164,0.1809821783917116,1.0,0.13710510380854427,0.18462854444835625,0.14704743655419406,-0.04174709275192902,0.17644474268277163,0.17541579946959884,0.17463108006999317,0.1430554694683004
2026,proxy,S4,ma20_failure,all,8,6,7.0,2,0.05467900237426315,0.1234910024115362,0.1795867402301934,0.75,0.0835371109636898,0.12471916700075227,-0.08166748194549478,-0.04546833303657881,0.11749100241153619,0.10818965794278988,0.10473932000854103,0.08714193211630424
2026,proxy,S4,ma20_failure,early,0,0,,0,,,,,,,,,,,,
2026,proxy,S4,ma20_failure,late,8,6,7.0,2,0.05467900237426315,0.1234910024115362,0.1795867402301934,0.75,0.0835371109636898,0.12471916700075227,-0.08166748194549478,-0.04546833303657881,0.11749100241153619,0.10818965794278988,0.10473932000854103,0.08714193211630424
2026,proxy,S4,signal_low_failure,all,9,6,8.0,1,0.07861192499076752,0.13441570542254724,0.17819130206867517,0.7777777777777778,0.09173207799363131,0.14824279954225716,-0.04929403063978177,-0.0496207643735361,0.12841570542254724,0.12314036835513957,0.1329676790583469,0.10803397249715634
2026,proxy,S4,signal_low_failure,early,0,0,,0,,,,,,,,,,,,
2026,proxy,S4,signal_low_failure,late,9,6,8.0,1,0.07861192499076752,0.13441570542254724,0.17819130206867517,0.7777777777777778,0.09173207799363131,0.14824279954225716,-0.04929403063978177,-0.0496207643735361,0.12841570542254724,0.12314036835513957,0.1329676790583469,0.10803397249715634
2026,proxy,S4,half_at6,all,7,5,6.0,3,0.01554316616402692,0.1450469974498245,0.15019408088224917,1.0,0.1098068948577596,0.14444761134732814,0.11567964450639234,-0.04174709275192902,0.1390469974498245,0.1420092627021505,0.13974116270019304,0.11249444871363534
2026,proxy,S4,half_at6,early,0,0,,0,,,,,,,,,,,,
2026,proxy,S4,half_at6,late,7,5,6.0,3,0.01554316616402692,0.1450469974498245,0.15019408088224917,1.0,0.1098068948577596,0.14444761134732814,0.11567964450639234,-0.04174709275192902,0.1390469974498245,0.1420092627021505,0.13974116270019304,0.11249444871363534
2026,proxy,S4,atr_2r,all,6,4,6.0,4,0.04802861871311945,0.19041168106483056,0.23399209685861955,0.8333333333333334,0.14294756767002376,0.198513134583375,-0.12662642219330478,-0.04552799783377193,0.18441168106483055,0.163853530258879,0.1702561416361635,0.1532410302670434
2026,proxy,S4,atr_2r,early,0,0,,0,,,,,,,,,,,,
2026,proxy,S4,atr_2r,late,6,4,6.0,4,0.04802861871311945,0.19041168106483056,0.23399209685861955,0.8333333333333334,0.14294756767002376,0.198513134583375,-0.12662642219330478,-0.04552799783377193,0.18441168106483055,0.163853530258879,0.1702561416361635,0.1532410302670434
2026,existing,S5,common,all,1,1,1.0,1,0.1038543827451508,-0.19906886061092,-0.19906886061092,0.0,-0.20861137133478558,-0.19906886061092,-0.19906886061092,-0.20739663992667146,-0.20506886061092,,,-0.20861137133478558
2026,existing,S5,common,early,0,0,,0,,,,,,,,,,,,
2026,existing,S5,common,late,1,1,1.0,1,0.1038543827451508,-0.19906886061092,-0.19906886061092,0.0,-0.20861137133478558,-0.19906886061092,-0.19906886061092,-0.20739663992667146,-0.20506886061092,,,-0.20861137133478558
2026,filter,S5,efficient_trend,all,0,0,,0,,,,,,,,,,,,
2026,filter,S5,up_volume_dominates,all,0,0,,0,,,,,,,,,,,,
2026,filter,S5,resistance_room,all,1,1,1.0,1,0.1038543827451508,-0.19906886061092,-0.19906886061092,0.0,-0.20861137133478558,-0.19906886061092,-0.19906886061092,-0.20739663992667146,-0.20506886061092,,,-0.20861137133478558
2026,filter,S5,resistance_room,early,0,0,,0,,,,,,,,,,,,
2026,filter,S5,resistance_room,late,1,1,1.0,1,0.1038543827451508,-0.19906886061092,-0.19906886061092,0.0,-0.20861137133478558,-0.19906886061092,-0.19906886061092,-0.20739663992667146,-0.20506886061092,,,-0.20861137133478558
2026,filter,S5,no_range_shock,all,1,1,1.0,1,0.1038543827451508,-0.19906886061092,-0.19906886061092,0.0,-0.20861137133478558,-0.19906886061092,-0.19906886061092,-0.20739663992667146,-0.20506886061092,,,-0.20861137133478558
2026,filter,S5,no_range_shock,early,0,0,,0,,,,,,,,,,,,
2026,filter,S5,no_range_shock,late,1,1,1.0,1,0.1038543827451508,-0.19906886061092,-0.19906886061092,0.0,-0.20861137133478558,-0.19906886061092,-0.19906886061092,-0.20739663992667146,-0.20506886061092,,,-0.20861137133478558
2026,filter,S5,above_vwap20,all,1,1,1.0,1,0.1038543827451508,-0.19906886061092,-0.19906886061092,0.0,-0.20861137133478558,-0.19906886061092,-0.19906886061092,-0.20739663992667146,-0.20506886061092,,,-0.20861137133478558
2026,filter,S5,above_vwap20,early,0,0,,0,,,,,,,,,,,,
2026,filter,S5,above_vwap20,late,1,1,1.0,1,0.1038543827451508,-0.19906886061092,-0.19906886061092,0.0,-0.20861137133478558,-0.19906886061092,-0.19906886061092,-0.20739663992667146,-0.20506886061092,,,-0.20861137133478558
2026,filter,S5,broad_participation,all,0,0,,0,,,,,,,,,,,,
2026,filter,S5,rs_vs_watchlist,all,1,1,1.0,1,0.1038543827451508,-0.19906886061092,-0.19906886061092,0.0,-0.20861137133478558,-0.19906886061092,-0.19906886061092,-0.20739663992667146,-0.20506886061092,,,-0.20861137133478558
2026,filter,S5,rs_vs_watchlist,early,0,0,,0,,,,,,,,,,,,
2026,filter,S5,rs_vs_watchlist,late,1,1,1.0,1,0.1038543827451508,-0.19906886061092,-0.19906886061092,0.0,-0.20861137133478558,-0.19906886061092,-0.19906886061092,-0.20739663992667146,-0.20506886061092,,,-0.20861137133478558
2026,filter,S5,down_day_resilience,all,0,0,,0,,,,,,,,,,,,
2026,exit,S5,ma20_failure,all,1,1,1.0,1,0.1038543827451508,-0.19906886061092,-0.19906886061092,0.0,-0.20861137133478558,-0.19906886061092,-0.19906886061092,-0.20739663992667146,-0.20506886061092,,,-0.20861137133478558
2026,exit,S5,ma20_failure,early,0,0,,0,,,,,,,,,,,,
2026,exit,S5,ma20_failure,late,1,1,1.0,1,0.1038543827451508,-0.19906886061092,-0.19906886061092,0.0,-0.20861137133478558,-0.19906886061092,-0.19906886061092,-0.20739663992667146,-0.20506886061092,,,-0.20861137133478558
2026,exit,S5,signal_low_failure,all,1,1,1.0,1,0.1038543827451508,-0.19906886061092,-0.19906886061092,0.0,-0.20861137133478558,-0.19906886061092,-0.19906886061092,-0.20739663992667146,-0.20506886061092,,,-0.20861137133478558
2026,exit,S5,signal_low_failure,early,0,0,,0,,,,,,,,,,,,
2026,exit,S5,signal_low_failure,late,1,1,1.0,1,0.1038543827451508,-0.19906886061092,-0.19906886061092,0.0,-0.20861137133478558,-0.19906886061092,-0.19906886061092,-0.20739663992667146,-0.20506886061092,,,-0.20861137133478558
2026,exit,S5,half_at6,all,1,1,1.0,1,0.09460153490556156,-0.19906886061092,-0.19906886061092,0.0,-0.20861137133478558,-0.19906886061092,-0.19906886061092,-0.20739663992667146,-0.20506886061092,,,-0.20861137133478558
2026,exit,S5,half_at6,early,0,0,,0,,,,,,,,,,,,
2026,exit,S5,half_at6,late,1,1,1.0,1,0.09460153490556156,-0.19906886061092,-0.19906886061092,0.0,-0.20861137133478558,-0.19906886061092,-0.19906886061092,-0.20739663992667146,-0.20506886061092,,,-0.20861137133478558
2026,exit,S5,atr_2r,all,1,1,1.0,1,0.1038543827451508,-0.19906886061092,-0.19906886061092,0.0,-0.20861137133478558,-0.19906886061092,-0.19906886061092,-0.20739663992667146,-0.20506886061092,,,-0.20861137133478558
2026,exit,S5,atr_2r,early,0,0,,0,,,,,,,,,,,,
2026,exit,S5,atr_2r,late,1,1,1.0,1,0.1038543827451508,-0.19906886061092,-0.19906886061092,0.0,-0.20861137133478558,-0.19906886061092,-0.19906886061092,-0.20739663992667146,-0.20506886061092,,,-0.20861137133478558
2026,existing,S6,common,all,2,1,2.0,0,,0.008166270753035776,0.008166270753035776,0.5,-0.002813575151757064,0.008166270753035776,-0.1052084676288565,-0.05763053757250336,0.0021662707530357758,-0.1052084676288565,,-0.002813575151757064
2026,existing,S6,common,early,0,0,,0,,,,,,,,,,,,
2026,existing,S6,common,late,2,1,2.0,0,,0.008166270753035776,0.008166270753035776,0.5,-0.002813575151757064,0.008166270753035776,-0.1052084676288565,-0.05763053757250336,0.0021662707530357758,-0.1052084676288565,,-0.002813575151757064
2026,filter,S6,efficient_trend,all,0,0,,0,,,,,,,,,,,,
2026,filter,S6,up_volume_dominates,all,0,0,,0,,,,,,,,,,,,
2026,filter,S6,resistance_room,all,2,1,2.0,0,,0.008166270753035776,0.008166270753035776,0.5,-0.002813575151757064,0.008166270753035776,-0.1052084676288565,-0.05763053757250336,0.0021662707530357758,-0.1052084676288565,,-0.002813575151757064
2026,filter,S6,resistance_room,early,0,0,,0,,,,,,,,,,,,
2026,filter,S6,resistance_room,late,2,1,2.0,0,,0.008166270753035776,0.008166270753035776,0.5,-0.002813575151757064,0.008166270753035776,-0.1052084676288565,-0.05763053757250336,0.0021662707530357758,-0.1052084676288565,,-0.002813575151757064
2026,filter,S6,no_range_shock,all,2,1,2.0,0,,0.008166270753035776,0.008166270753035776,0.5,-0.002813575151757064,0.008166270753035776,-0.1052084676288565,-0.05763053757250336,0.0021662707530357758,-0.1052084676288565,,-0.002813575151757064
2026,filter,S6,no_range_shock,early,0,0,,0,,,,,,,,,,,,
2026,filter,S6,no_range_shock,late,2,1,2.0,0,,0.008166270753035776,0.008166270753035776,0.5,-0.002813575151757064,0.008166270753035776,-0.1052084676288565,-0.05763053757250336,0.0021662707530357758,-0.1052084676288565,,-0.002813575151757064
2026,filter,S6,above_vwap20,all,0,0,,0,,,,,,,,,,,,
2026,filter,S6,broad_participation,all,0,0,,0,,,,,,,,,,,,
2026,filter,S6,rs_vs_watchlist,all,1,1,1.0,0,,0.12154100913492805,0.12154100913492805,1.0,0.11373338584064552,0.12154100913492805,0.12154100913492805,-0.007758549300721618,0.11554100913492804,,,0.11373338584064552
2026,filter,S6,rs_vs_watchlist,early,0,0,,0,,,,,,,,,,,,
2026,filter,S6,rs_vs_watchlist,late,1,1,1.0,0,,0.12154100913492805,0.12154100913492805,1.0,0.11373338584064552,0.12154100913492805,0.12154100913492805,-0.007758549300721618,0.11554100913492804,,,0.11373338584064552
2026,filter,S6,down_day_resilience,all,0,0,,0,,,,,,,,,,,,
2026,exit,S6,ma20_failure,all,2,1,2.0,0,,0.008166270753035776,0.008166270753035776,0.5,-0.002813575151757064,0.008166270753035776,-0.1052084676288565,-0.05763053757250336,0.0021662707530357758,-0.1052084676288565,,-0.002813575151757064
2026,exit,S6,ma20_failure,early,0,0,,0,,,,,,,,,,,,
2026,exit,S6,ma20_failure,late,2,1,2.0,0,,0.008166270753035776,0.008166270753035776,0.5,-0.002813575151757064,0.008166270753035776,-0.1052084676288565,-0.05763053757250336,0.0021662707530357758,-0.1052084676288565,,-0.002813575151757064
2026,exit,S6,signal_low_failure,all,2,1,2.0,0,,0.008166270753035776,0.008166270753035776,0.5,-0.002813575151757064,0.008166270753035776,-0.1052084676288565,-0.05763053757250336,0.0021662707530357758,-0.1052084676288565,,-0.002813575151757064
2026,exit,S6,signal_low_failure,early,0,0,,0,,,,,,,,,,,,
2026,exit,S6,signal_low_failure,late,2,1,2.0,0,,0.008166270753035776,0.008166270753035776,0.5,-0.002813575151757064,0.008166270753035776,-0.1052084676288565,-0.05763053757250336,0.0021662707530357758,-0.1052084676288565,,-0.002813575151757064
2026,exit,S6,half_at6,all,2,1,2.0,0,,0.004569636788846365,0.004569636788846365,0.5,-0.00799632042120163,0.004569636788846365,-0.1052084676288565,-0.05763053757250336,-0.001430363211153635,-0.1052084676288565,,-0.00799632042120163
2026,exit,S6,half_at6,early,0,0,,0,,,,,,,,,,,,
2026,exit,S6,half_at6,late,2,1,2.0,0,,0.004569636788846365,0.004569636788846365,0.5,-0.00799632042120163,0.004569636788846365,-0.1052084676288565,-0.05763053757250336,-0.001430363211153635,-0.1052084676288565,,-0.00799632042120163
2026,exit,S6,atr_2r,all,2,1,2.0,0,,-0.08841504967231789,-0.08841504967231789,0.0,-0.1145527970563966,-0.08841504967231789,-0.1500222274297085,-0.13061567708585875,-0.0944150496723179,-0.1500222274297085,,-0.1145527970563966
2026,exit,S6,atr_2r,early,0,0,,0,,,,,,,,,,,,
2026,exit,S6,atr_2r,late,2,1,2.0,0,,-0.08841504967231789,-0.08841504967231789,0.0,-0.1145527970563966,-0.08841504967231789,-0.1500222274297085,-0.13061567708585875,-0.0944150496723179,-0.1500222274297085,,-0.1145527970563966
2026,existing,S7,common,all,46,19,22.0,5,0.06879699579371587,0.022754321454919763,0.06313900826008445,0.5217391304347826,0.005016225539036506,0.029055278794612706,-0.16577459703216935,-0.08344724925602405,0.016754321454919764,0.01766173300272844,0.021670137823419304,0.014187330464703517
2026,existing,S7,common,early,3,3,3.0,0,,-0.018805521093848736,-0.09092614522509934,0.3333333333333333,-0.019403171924632256,-0.018805521093848736,-0.1274782343325408,-0.10182432634516088,-0.02480552109384874,-0.10920218977882007,-0.10920218977882007,-0.019403171924632256
2026,existing,S7,common,late,43,16,22.0,5,0.06879699579371587,0.025653845353671056,0.06349240473572282,0.5348837209302325,0.006719904431850606,0.038029178773699227,-0.16577459703216935,-0.08216512759864242,0.019653845353671054,0.02039677705997173,0.030838256653191495,0.02048554966270397
2026,filter,S7,efficient_trend,all,2,2,2.0,1,0.015056313946416159,0.027034406884756834,0.027034406884756834,0.5,0.018828401368976733,0.027034406884756834,-0.10791900250658026,-0.08774405292990572,0.021034406884756836,-0.10791900250658026,-0.10791900250658026,0.018828401368976733
2026,filter,S7,efficient_trend,early,1,1,1.0,0,,0.16198781627609393,0.16198781627609393,1.0,0.13226909730260772,0.16198781627609393,0.16198781627609393,-0.06883905007042812,0.15598781627609393,,,0.13226909730260772
2026,filter,S7,efficient_trend,late,1,1,1.0,1,0.015056313946416159,-0.10791900250658026,-0.10791900250658026,0.0,-0.09461229456465425,-0.10791900250658026,-0.10791900250658026,-0.10664905578938333,-0.11391900250658027,,,-0.09461229456465425
2026,filter,S7,up_volume_dominates,all,15,10,10.0,6,0.06464421242236242,-0.0349364120888904,-0.09092614522509934,0.3333333333333333,-0.045867980652758544,-0.015048938543701238,-0.16321569026373572,-0.09327714324846559,-0.0409364120888904,-0.059460696169564925,-0.034719689079234034,-0.029907957701022454
2026,filter,S7,up_volume_dominates,early,2,2,2.0,0,,0.035530835525497295,0.035530835525497295,0.5,0.02887510861839293,0.035530835525497295,-0.09092614522509934,-0.09099737235147093,0.029530835525497297,-0.09092614522509934,-0.09092614522509934,0.02887510861839293
2026,filter,S7,up_volume_dominates,late,13,8,10.0,6,0.06464421242236242,-0.04577752710648851,-0.09636722729664238,0.3076923076923077,-0.057366917463704925,-0.02769388206100087,-0.16321569026373572,-0.09362787723261864,-0.05177752710648851,-0.05683857541493706,-0.044440589464263755,-0.0446037242808763
2026,filter,S7,resistance_room,all,43,16,22.0,5,0.06879699579371587,0.025653845353671056,0.06349240473572282,0.5348837209302325,0.006719904431850606,0.038029178773699227,-0.16577459703216935,-0.08216512759864242,0.019653845353671054,0.02039677705997173,0.030838256653191495,0.02048554966270397
2026,filter,S7,resistance_room,early,0,0,,0,,,,,,,,,,,,
2026,filter,S7,resistance_room,late,43,16,22.0,5,0.06879699579371587,0.025653845353671056,0.06349240473572282,0.5348837209302325,0.006719904431850606,0.038029178773699227,-0.16577459703216935,-0.08216512759864242,0.019653845353671054,0.02039677705997173,0.030838256653191495,0.02048554966270397
2026,filter,S7,no_range_shock,all,46,19,22.0,5,0.06879699579371587,0.022754321454919763,0.06313900826008445,0.5217391304347826,0.005016225539036506,0.029055278794612706,-0.16577459703216935,-0.08344724925602405,0.016754321454919764,0.01766173300272844,0.021670137823419304,0.014187330464703517
2026,filter,S7,no_range_shock,early,3,3,3.0,0,,-0.018805521093848736,-0.09092614522509934,0.3333333333333333,-0.019403171924632256,-0.018805521093848736,-0.1274782343325408,-0.10182432634516088,-0.02480552109384874,-0.10920218977882007,-0.10920218977882007,-0.019403171924632256
2026,filter,S7,no_range_shock,late,43,16,22.0,5,0.06879699579371587,0.025653845353671056,0.06349240473572282,0.5348837209302325,0.006719904431850606,0.038029178773699227,-0.16577459703216935,-0.08216512759864242,0.019653845353671054,0.02039677705997173,0.030838256653191495,0.02048554966270397
2026,filter,S7,above_vwap20,all,34,15,19.0,6,0.055078240483072916,0.015306568827987685,-0.0001871980927236616,0.5,-0.0035730135456498364,-0.002639084289613051,-0.16280893730865387,-0.08315113643554134,0.009306568827987685,0.00848376472751854,-0.014398148615734978,-0.024361500810628618
2026,filter,S7,above_vwap20,early,3,3,3.0,0,,-0.018805521093848736,-0.09092614522509934,0.3333333333333333,-0.019403171924632256,-0.018805521093848736,-0.1274782343325408,-0.10182432634516088,-0.02480552109384874,-0.10920218977882007,-0.10920218977882007,-0.019403171924632256
2026,filter,S7,above_vwap20,late,31,12,18.0,6,0.055078240483072916,0.018607738820423467,0.06278561178444608,0.5161290322580645,-0.00204106273478057,0.00140252491144587,-0.16280893730865387,-0.08134405354106201,0.012607738820423467,0.01087615324763155,-0.011706929387882455,-0.025601083032127703
2026,filter,S7,broad_participation,all,12,6,10.0,8,0.08861707972289062,-0.0037133001750131456,-0.08669557139584566,0.4166666666666667,-0.019250060222531968,-0.011969298293116335,-0.1274782343325408,-0.08137988108320915,-0.009713300175013146,-0.018802024727545875,-0.046760721206958386,-0.02145675486218553
2026,filter,S7,broad_participation,early,3,3,3.0,0,,-0.018805521093848736,-0.09092614522509934,0.3333333333333333,-0.019403171924632256,-0.018805521093848736,-0.1274782343325408,-0.10182432634516088,-0.02480552109384874,-0.10920218977882007,-0.10920218977882007,-0.019403171924632256
2026,filter,S7,broad_participation,late,9,3,7.0,8,0.08861707972289062,0.0013174401312653844,-0.08246499756659198,0.4444444444444444,-0.01919902298849854,-0.00513307549238394,-0.11507625488396866,-0.07456506599589191,-0.004682559868734616,-0.018800713590182302,-0.04178872677060492,-0.02351033779973881
2026,filter,S7,rs_vs_watchlist,all,25,13,16.0,2,0.04281349584749761,0.05438389917404265,0.0906325907417076,0.64,0.029487935576883482,0.04392314952356051,-0.16280893730865387,-0.08254840585651169,0.04838389917404265,0.04534858096935951,0.03408442729418273,0.020656054911823138
2026,filter,S7,rs_vs_watchlist,early,2,2,2.0,0,,0.017254790971776568,0.017254790971776568,0.5,0.008154682145962544,0.017254790971776568,-0.1274782343325408,-0.09615864220148446,0.011254790971776568,-0.1274782343325408,-0.1274782343325408,0.008154682145962544
2026,filter,S7,rs_vs_watchlist,late,23,11,15.0,2,0.04281349584749761,0.057612517278587516,0.0906325907417076,0.6521739130434783,0.03134300109261574,0.048771941987521224,-0.16280893730865387,-0.08136490704390535,0.05161251727858752,0.04790256187823069,0.03935640332009723,0.022929031778343243
2026,filter,S7,down_day_resilience,all,3,3,2.0,0,,0.0645579093990567,0.07808025037484878,0.6666666666666666,0.020021345799909145,0.0645579093990567,-0.003370865193029534,-0.02563032693409273,0.0585579093990567,0.05779673891116066,0.03735469259090962,0.020021345799909145
2026,filter,S7,down_day_resilience,early,0,0,,0,,,,,,,,,,,,
2026,filter,S7,down_day_resilience,late,3,3,2.0,0,,0.0645579093990567,0.07808025037484878,0.6666666666666666,0.020021345799909145,0.0645579093990567,-0.003370865193029534,-0.02563032693409273,0.0585579093990567,0.05779673891116066,0.03735469259090962,0.020021345799909145
2026,filter,S7,control_rs20_qqq,all,20,14,15.0,2,0.04281349584749761,0.04511737567523856,0.0844409871749554,0.6,0.021167294029468136,0.03434010994941234,-0.16280893730865387,-0.07914059448540704,0.03911737567523856,0.034340344315404184,0.02187999628692998,0.01004000617411452
2026,filter,S7,control_rs20_qqq,early,3,3,3.0,0,,-0.018805521093848736,-0.09092614522509934,0.3333333333333333,-0.019403171924632256,-0.018805521093848736,-0.1274782343325408,-0.10182432634516088,-0.02480552109384874,-0.10920218977882007,-0.10920218977882007,-0.019403171924632256
2026,filter,S7,control_rs20_qqq,late,17,11,12.0,2,0.04281349584749761,0.05639788686978338,0.105389569614188,0.6470588235294118,0.028326788021368204,0.04883437296121082,-0.16280893730865387,-0.07513758298074462,0.05039788686978338,0.04430519407963911,0.03408565150116359,0.018069963837409095
2026,filter,S7,both_relative_strength,all,17,12,12.0,2,0.04281349584749761,0.055058979214092696,0.105389569614188,0.6470588235294118,0.027638745177650238,0.05156387487027222,-0.16280893730865387,-0.07847330531393461,0.0490589792140927,0.04288260469546776,0.03840408280741669,0.022468358295126972
2026,filter,S7,both_relative_strength,early,2,2,2.0,0,,0.017254790971776568,0.017254790971776568,0.5,0.008154682145962544,0.017254790971776568,-0.1274782343325408,-0.09615864220148446,0.011254790971776568,-0.1274782343325408,-0.1274782343325408,0.008154682145962544
2026,filter,S7,both_relative_strength,late,15,10,10.0,2,0.04281349584749761,0.06009953764640152,0.105389569614188,0.6666666666666666,0.030236620248541932,0.058425691649971336,-0.16280893730865387,-0.07611526039559463,0.05409953764640152,0.04654372094170935,0.04310392543755892,0.02533109352495986
2026,exit,S7,ma20_failure,all,47,19,22.0,8,0.0923070525552959,0.005449345596857684,-0.023696147863026092,0.40425531914893614,-0.007486388764756616,0.008325874783377133,-0.16577459703216935,-0.07507880392446933,-0.0005506544031423158,-0.0007073869262880707,-0.0002108997439960227,-0.002121092079163512
2026,exit,S7,ma20_failure,early,3,3,3.0,0,,-0.018805521093848736,-0.09092614522509934,0.3333333333333333,-0.019403171924632256,-0.018805521093848736,-0.1274782343325408,-0.10182432634516088,-0.02480552109384874,-0.10920218977882007,-0.10920218977882007,-0.019403171924632256
2026,exit,S7,ma20_failure,late,44,16,22.0,8,0.0923070525552959,0.007103086507587667,-0.02206151543066109,0.4090909090909091,-0.0066738808220378225,0.013413011510356985,-0.16577459703216935,-0.073255245577604,0.0011030865075876669,0.0006168667932895389,0.004581011572293103,0.0011192978918618804
2026,exit,S7,signal_low_failure,all,47,19,22.0,6,0.055078240483072916,0.013905987749955115,-0.01807781933669472,0.46808510638297873,-0.0007026478555773922,0.017019149028676867,-0.16577459703216935,-0.07999740519839084,0.007905987749955115,0.008325844464520553,0.008965334181598141,0.005839905247439676
2026,exit,S7,signal_low_failure,early,3,3,3.0,0,,-0.018805521093848736,-0.09092614522509934,0.3333333333333333,-0.019403171924632256,-0.018805521093848736,-0.1274782343325408,-0.10182432634516088,-0.02480552109384874,-0.10920218977882007,-0.10920218977882007,-0.019403171924632256
2026,exit,S7,signal_low_failure,late,44,16,22.0,6,0.055078240483072916,0.01613631789839629,-0.016660059344834163,0.4772727272727273,0.0005723878764036188,0.023736274676650418,-0.16577459703216935,-0.07850920602929289,0.010136317898396289,0.010311066334645132,0.015592492283006099,0.01057298221720316
2026,exit,S7,half_at6,all,46,19,22.0,5,0.060387373356294474,0.0195607004401836,0.06362268674888222,0.5434782608695652,0.0035490964678555796,0.02423072537664474,-0.16577459703216935,-0.08344724925602405,0.013560700440183602,0.015894435679654553,0.01740670936523507,0.011884516318069508
2026,exit,S7,half_at6,early,3,3,3.0,0,,-0.04329635740344884,-0.09092614522509934,0.3333333333333333,-0.041073350194970194,-0.04329635740344884,-0.1274782343325408,-0.10182432634516088,-0.049296357403448836,-0.10920218977882007,-0.10920218977882007,-0.041073350194970194
2026,exit,S7,half_at6,late,43,16,22.0,5,0.060387373356294474,0.023946076568809115,0.07352350450240408,0.5581395348837209,0.006662290421075983,0.03689205339791229,-0.16577459703216935,-0.08216512759864242,0.017946076568809116,0.02033374516088731,0.029547322718971855,0.021814116289264454
2026,exit,S7,atr_2r,all,34,15,22.0,14,0.07582611458062315,-0.011927857068598682,-0.07823075318419576,0.35294117647058826,-0.02426211593879106,0.006394747012633149,-0.20684316119025736,-0.11573912199759769,-0.01792785706859868,-0.020747165098465328,-0.014975085649116099,-0.005290830029196672
2026,exit,S7,atr_2r,early,3,3,3.0,0,,0.04494005382689725,-0.07982609757133152,0.3333333333333333,0.03254819373500262,0.04494005382689725,-0.09092614522509934,-0.1120616048426049,0.038940053826897254,-0.08537612139821543,-0.08537612139821543,0.03254819373500262
2026,exit,S7,atr_2r,late,31,12,22.0,14,0.07582611458062315,-0.017431203284291836,-0.07663540879705999,0.3548387096774194,-0.029759887842706577,-0.003241579690932877,-0.20684316119025736,-0.11609501075453248,-0.023431203284291838,-0.027785081411897034,-0.018543173151805332,-0.014750585970246496
2026,proxy,S7,common,all,46,18,21.0,6,0.05380443138302299,0.020128292012209507,0.07313312808261763,0.5434782608695652,0.004816152223972475,0.02988052877956144,-0.16577459703216935,-0.08505571879277984,0.014128292012209507,0.01358200068908803,0.02155256180629846,0.01842686327859992
2026,proxy,S7,common,early,3,3,3.0,0,,-0.018805521093848736,-0.09092614522509934,0.3333333333333333,-0.019403171924632256,-0.018805521093848736,-0.1274782343325408,-0.10182432634516088,-0.02480552109384874,-0.10920218977882007,-0.10920218977882007,-0.019403171924632256
2026,proxy,S7,common,late,43,15,21.0,6,0.05380443138302299,0.02284460455449264,0.08258469148306125,0.5581395348837209,0.0065058725134100135,0.03961773875424348,-0.16577459703216935,-0.08388581594028814,0.01684460455449264,0.01737684320085493,0.03020072242775858,0.02599287031924635
2026,proxy,S7,ma20_failure,all,49,18,21.0,6,0.05380443138302299,0.01264534354624903,-0.02042688299829609,0.4489795918367347,-0.000498922375636734,0.009752267821827096,-0.16577459703216935,-0.07357957219334228,0.00664534354624903,0.006037965887725012,0.0007972355598114006,0.0013436081344478856
2026,proxy,S7,ma20_failure,early,3,3,3.0,0,,-0.018805521093848736,-0.09092614522509934,0.3333333333333333,-0.019403171924632256,-0.018805521093848736,-0.1274782343325408,-0.10182432634516088,-0.02480552109384874,-0.10920218977882007,-0.10920218977882007,-0.019403171924632256
2026,proxy,S7,ma20_failure,late,46,15,21.0,6,0.05380443138302299,0.014696486892342363,-0.017834591175634847,0.45652173913043476,0.0007339634645151478,0.01546382560496226,-0.16577459703216935,-0.07173752300952803,0.008696486892342363,0.009041723935785173,0.006147455249508478,0.0054929641462639145
2026,proxy,S7,signal_low_failure,all,48,18,21.0,6,0.05514533553187726,0.009840748486742648,-0.016660059344834163,0.4791666666666667,-0.0035736066753769696,0.01190145895221854,-0.16577459703216935,-0.0811771575883025,0.0038407484867426477,0.002899567209617669,0.0030728496978729295,0.0027617782378842803
2026,proxy,S7,signal_low_failure,early,3,3,3.0,0,,-0.018805521093848736,-0.09092614522509934,0.3333333333333333,-0.019403171924632256,-0.018805521093848736,-0.1274782343325408,-0.10182432634516088,-0.02480552109384874,-0.10920218977882007,-0.10920218977882007,-0.019403171924632256
2026,proxy,S7,signal_low_failure,late,45,15,21.0,6,0.05514533553187726,0.011750499792115406,-0.015242299352973606,0.4888888888888889,-0.002518302325426617,0.018042854961431994,-0.16577459703216935,-0.07980067967117861,0.0057504997921154054,0.005750671972290643,0.008910700988583193,0.00719476827038759
2026,proxy,S7,half_at6,all,46,18,21.0,6,0.04518974844646809,0.019603132731762413,0.07805409799273266,0.5434782608695652,0.004215087699924369,0.026176374616825836,-0.16577459703216935,-0.08505571879277984,0.013603132731762413,0.014728865387419058,0.018226318246424164,0.015313956511636726
2026,proxy,S7,half_at6,early,3,3,3.0,0,,-0.04329635740344884,-0.09092614522509934,0.3333333333333333,-0.041073350194970194,-0.04329635740344884,-0.1274782343325408,-0.10182432634516088,-0.049296357403448836,-0.10920218977882007,-0.10920218977882007,-0.041073350194970194
2026,proxy,S7,half_at6,late,43,15,21.0,6,0.04518974844646809,0.02399146925282366,0.08258469148306125,0.5581395348837209,0.00737474615770771,0.040070921020880765,-0.16577459703216935,-0.08388581594028814,0.01799146925282366,0.019518905077507812,0.03140974874282552,0.02659141785295811
2026,proxy,S7,atr_2r,all,25,14,17.0,18,0.10614778670313024,-0.024680048400805107,-0.10159171512148801,0.28,-0.03362255852482922,-0.00022056278490286248,-0.20684316119025736,-0.13357293008810742,-0.030680048400805106,-0.03844056726238543,-0.023743098712750974,-0.010065821475384203
2026,proxy,S7,atr_2r,early,3,3,3.0,0,,0.04494005382689725,-0.07982609757133152,0.3333333333333333,0.03254819373500262,0.04494005382689725,-0.09092614522509934,-0.1120616048426049,0.038940053826897254,-0.08537612139821543,-0.08537612139821543,0.03254819373500262
2026,proxy,S7,atr_2r,late,22,11,16.0,18,0.10614778670313024,-0.0341736987045827,-0.11376703026472273,0.2727272727272727,-0.0426458429238972,-0.012537094588121078,-0.20684316119025736,-0.136506292621585,-0.0401736987045827,-0.04806491803105215,-0.0335153995877461,-0.021687825623671518
