dataset,kind,name,variant,period,n,dates,open_n,invalid_n,open_mark,mean,median,win,worst,excess,date_mean,cost1_mean,no_best_ticker,no_best_date
2026,pattern,breakout_first_retest,common,all,0,0,1,0,0.1038543827451508,,,,,,,,,
2026,pattern,breakout_first_retest,common,early,0,0,0,0,,,,,,,,,,
2026,pattern,breakout_first_retest,common,late,0,0,1,0,0.1038543827451508,,,,,,,,,
2026,unique_pattern,breakout_first_retest,common,all,0,0,0,0,,,,,,,,,,
2026,pattern,failed_breakout_reclaim,common,all,1,1,0,0,,-0.1395676085839066,-0.1395676085839066,0.0,-0.1395676085839066,-0.15705861988008674,-0.1395676085839066,-0.1455676085839066,,
2026,pattern,failed_breakout_reclaim,common,early,1,1,0,0,,-0.1395676085839066,-0.1395676085839066,0.0,-0.1395676085839066,-0.15705861988008674,-0.1395676085839066,-0.1455676085839066,,
2026,pattern,failed_breakout_reclaim,common,late,0,0,0,0,,,,,,,,,,
2026,unique_pattern,failed_breakout_reclaim,common,all,1,1,0,0,,-0.1395676085839066,-0.1395676085839066,0.0,-0.1395676085839066,-0.15705861988008674,-0.1395676085839066,-0.1455676085839066,,
2026,unique_pattern,failed_breakout_reclaim,common,early,1,1,0,0,,-0.1395676085839066,-0.1395676085839066,0.0,-0.1395676085839066,-0.15705861988008674,-0.1395676085839066,-0.1455676085839066,,
2026,unique_pattern,failed_breakout_reclaim,common,late,0,0,0,0,,,,,,,,,,
2026,pattern,outside_reversal,common,all,2,2,0,0,,0.1325705510350007,0.1325705510350007,1.0,0.12371432059151788,0.08635160843778733,0.1325705510350007,0.1265705510350007,0.12371432059151788,0.12371432059151788
2026,pattern,outside_reversal,common,early,0,0,0,0,,,,,,,,,,
2026,pattern,outside_reversal,common,late,2,2,0,0,,0.1325705510350007,0.1325705510350007,1.0,0.12371432059151788,0.08635160843778733,0.1325705510350007,0.1265705510350007,0.12371432059151788,0.12371432059151788
2026,unique_pattern,outside_reversal,common,all,1,1,0,0,,0.12371432059151788,0.12371432059151788,1.0,0.12371432059151788,0.10639003771362776,0.12371432059151788,0.11771432059151787,,
2026,unique_pattern,outside_reversal,common,early,0,0,0,0,,,,,,,,,,
2026,unique_pattern,outside_reversal,common,late,1,1,0,0,,0.12371432059151788,0.12371432059151788,1.0,0.12371432059151788,0.10639003771362776,0.12371432059151788,0.11771432059151787,,
2026,pattern,gap_first_retest,common,all,0,0,0,0,,,,,,,,,,
2026,unique_pattern,gap_first_retest,common,all,0,0,0,0,,,,,,,,,,
2026,pattern,shock_high_rebreak,common,all,0,0,0,0,,,,,,,,,,
2026,unique_pattern,shock_high_rebreak,common,all,0,0,0,0,,,,,,,,,,
2026,pattern,confirmed_rsi_divergence,common,all,0,0,0,0,,,,,,,,,,
2026,unique_pattern,confirmed_rsi_divergence,common,all,0,0,0,0,,,,,,,,,,
2026,existing,S1,common,all,0,0,0,0,,,,,,,,,,
2026,filter,S1,no_recent_failed_breakout,all,0,0,0,0,,,,,,,,,,
2026,filter,S1,few_distribution_days,all,0,0,0,0,,,,,,,,,,
2026,filter,S1,intraday_supported_trend,all,0,0,0,0,,,,,,,,,,
2026,filter,S1,nearby_price_support,all,0,0,0,0,,,,,,,,,,
2026,filter,S1,weekly_uptrend,all,0,0,0,0,,,,,,,,,,
2026,existing,S2_core,common,all,22,5,0,0,,0.04476105821330721,-5.900699160173856e-06,0.5,-0.1274782343325408,0.03775212292890258,0.07220119220808166,0.03876105821330721,0.03174229195649489,0.030233619524794628
2026,existing,S2_core,common,early,22,5,0,0,,0.04476105821330721,-5.900699160173856e-06,0.5,-0.1274782343325408,0.03775212292890258,0.07220119220808166,0.03876105821330721,0.03174229195649489,0.030233619524794628
2026,existing,S2_core,common,late,0,0,0,0,,,,,,,,,,
2026,filter,S2_core,fresh_ma_support,all,0,0,0,0,,,,,,,,,,
2026,filter,S2_core,no_recent_failed_breakout,all,20,5,0,0,,0.044041973025349714,-5.900699160173856e-06,0.5,-0.1274782343325408,0.03493585588844786,0.06348934059246567,0.038041973025349715,0.029614963731612032,0.019343805005274634
2026,filter,S2_core,no_recent_failed_breakout,early,20,5,0,0,,0.044041973025349714,-5.900699160173856e-06,0.5,-0.1274782343325408,0.03493585588844786,0.06348934059246567,0.038041973025349715,0.029614963731612032,0.019343805005274634
2026,filter,S2_core,no_recent_failed_breakout,late,0,0,0,0,,,,,,,,,,
2026,filter,S2_core,few_distribution_days,all,20,5,0,0,,0.03652950298132367,-0.01948852196099221,0.45,-0.1274782343325408,0.028709288129589266,0.06408764050772352,0.030529502981323668,0.02170710052737408,0.020091679899346945
2026,filter,S2_core,few_distribution_days,early,20,5,0,0,,0.03652950298132367,-0.01948852196099221,0.45,-0.1274782343325408,0.028709288129589266,0.06408764050772352,0.030529502981323668,0.02170710052737408,0.020091679899346945
2026,filter,S2_core,few_distribution_days,late,0,0,0,0,,,,,,,,,,
2026,filter,S2_core,intraday_supported_trend,all,7,5,0,0,,0.050943319655358366,0.00010966186568106898,0.5714285714285714,-0.11272827747565706,0.0448186146217024,0.03401210874445404,0.04494331965535837,0.019555234866158327,0.002018181861544066
2026,filter,S2_core,intraday_supported_trend,early,7,5,0,0,,0.050943319655358366,0.00010966186568106898,0.5714285714285714,-0.11272827747565706,0.0448186146217024,0.03401210874445404,0.04494331965535837,0.019555234866158327,0.002018181861544066
2026,filter,S2_core,intraday_supported_trend,late,0,0,0,0,,,,,,,,,,
2026,filter,S2_core,nearby_price_support,all,10,4,0,0,,0.016783815816843663,-0.04854893924665765,0.3,-0.11272827747565706,0.019190093015127186,0.06699961535579928,0.010783815816843663,-0.009386990655623885,0.0052257957847151775
2026,filter,S2_core,nearby_price_support,early,10,4,0,0,,0.016783815816843663,-0.04854893924665765,0.3,-0.11272827747565706,0.019190093015127186,0.06699961535579928,0.010783815816843663,-0.009386990655623885,0.0052257957847151775
2026,filter,S2_core,nearby_price_support,late,0,0,0,0,,,,,,,,,,
2026,filter,S2_core,weekly_uptrend,all,18,5,0,0,,0.05232488341221861,-5.900699160173856e-06,0.5,-0.1274782343325408,0.044374997111788356,0.0746629321052908,0.04632488341221861,0.03668780893020995,0.03331079439630605
2026,filter,S2_core,weekly_uptrend,early,18,5,0,0,,0.05232488341221861,-5.900699160173856e-06,0.5,-0.1274782343325408,0.044374997111788356,0.0746629321052908,0.04632488341221861,0.03668780893020995,0.03331079439630605
2026,filter,S2_core,weekly_uptrend,late,0,0,0,0,,,,,,,,,,
2026,existing,S3,common,all,22,6,0,0,,0.035570768254042616,0.04376796734194355,0.6363636363636364,-0.18449183860775398,0.00865309108332663,0.02641325693006799,0.029570768254042618,0.01926795499251427,0.005847889198743411
2026,existing,S3,common,early,0,0,0,0,,,,,,,,,,
2026,existing,S3,common,late,22,6,0,0,,0.035570768254042616,0.04376796734194355,0.6363636363636364,-0.18449183860775398,0.00865309108332663,0.02641325693006799,0.029570768254042618,0.01926795499251427,0.005847889198743411
2026,filter,S3,no_recent_failed_breakout,all,22,6,0,0,,0.035570768254042616,0.04376796734194355,0.6363636363636364,-0.18449183860775398,0.00865309108332663,0.02641325693006799,0.029570768254042618,0.01926795499251427,0.005847889198743411
2026,filter,S3,no_recent_failed_breakout,early,0,0,0,0,,,,,,,,,,
2026,filter,S3,no_recent_failed_breakout,late,22,6,0,0,,0.035570768254042616,0.04376796734194355,0.6363636363636364,-0.18449183860775398,0.00865309108332663,0.02641325693006799,0.029570768254042618,0.01926795499251427,0.005847889198743411
2026,filter,S3,few_distribution_days,all,16,6,0,0,,0.017178867353549766,0.017296075361588285,0.5625,-0.18449183860775398,-0.008067843735590226,0.019573576409894877,0.011178867353549766,-0.005498923789264032,-0.0011199874971144247
2026,filter,S3,few_distribution_days,early,0,0,0,0,,,,,,,,,,
2026,filter,S3,few_distribution_days,late,16,6,0,0,,0.017178867353549766,0.017296075361588285,0.5625,-0.18449183860775398,-0.008067843735590226,0.019573576409894877,0.011178867353549766,-0.005498923789264032,-0.0011199874971144247
2026,filter,S3,intraday_supported_trend,all,3,3,0,0,,0.11455349932219772,0.11896434301535086,1.0,0.02836649643342182,0.07414804803738846,0.11455349932219772,0.10855349932219771,0.07366541972438634,0.07366541972438634
2026,filter,S3,intraday_supported_trend,early,0,0,0,0,,,,,,,,,,
2026,filter,S3,intraday_supported_trend,late,3,3,0,0,,0.11455349932219772,0.11896434301535086,1.0,0.02836649643342182,0.07414804803738846,0.11455349932219772,0.10855349932219771,0.07366541972438634,0.07366541972438634
2026,filter,S3,nearby_price_support,all,9,5,0,0,,0.1330608560290122,0.11896434301535086,0.8888888888888888,-0.14426662190755213,0.09389453478232959,0.11378520895375117,0.12706085602901218,0.1106362825713045,0.07130140927082307
2026,filter,S3,nearby_price_support,early,0,0,0,0,,,,,,,,,,
2026,filter,S3,nearby_price_support,late,9,5,0,0,,0.1330608560290122,0.11896434301535086,0.8888888888888888,-0.14426662190755213,0.09389453478232959,0.11378520895375117,0.12706085602901218,0.1106362825713045,0.07130140927082307
2026,filter,S3,weekly_uptrend,all,1,1,0,0,,0.06629249765630552,0.06629249765630552,1.0,0.06629249765630552,-0.008821104660231116,0.06629249765630552,0.06029249765630552,,
2026,filter,S3,weekly_uptrend,early,0,0,0,0,,,,,,,,,,
2026,filter,S3,weekly_uptrend,late,1,1,0,0,,0.06629249765630552,0.06629249765630552,1.0,0.06629249765630552,-0.008821104660231116,0.06629249765630552,0.06029249765630552,,
2026,existing,S4,common,all,9,7,1,0,0.030746079757758785,0.08105082010720253,0.12486468080995006,0.7777777777777778,-0.10923087868327652,0.046879759538033666,0.08187685871926534,0.07505082010720253,0.05868156431847812,0.07021930333425576
2026,existing,S4,common,early,0,0,0,0,,,,,,,,,,
2026,existing,S4,common,late,9,7,1,0,0.030746079757758785,0.08105082010720253,0.12486468080995006,0.7777777777777778,-0.10923087868327652,0.046879759538033666,0.08187685871926534,0.07505082010720253,0.05868156431847812,0.07021930333425576
2026,filter,S4,no_recent_failed_breakout,all,9,7,1,0,0.030746079757758785,0.08105082010720253,0.12486468080995006,0.7777777777777778,-0.10923087868327652,0.046879759538033666,0.08187685871926534,0.07505082010720253,0.05868156431847812,0.07021930333425576
2026,filter,S4,no_recent_failed_breakout,early,0,0,0,0,,,,,,,,,,
2026,filter,S4,no_recent_failed_breakout,late,9,7,1,0,0.030746079757758785,0.08105082010720253,0.12486468080995006,0.7777777777777778,-0.10923087868327652,0.046879759538033666,0.08187685871926534,0.07505082010720253,0.05868156431847812,0.07021930333425576
2026,filter,S4,few_distribution_days,all,6,5,1,0,0.030746079757758785,0.09776827816854072,0.12515888039996026,0.8333333333333334,-0.1006197590087139,0.05158576077586644,0.0869574955963843,0.09176827816854072,0.06698080956894209,0.07074132173814968
2026,filter,S4,few_distribution_days,early,0,0,0,0,,,,,,,,,,
2026,filter,S4,few_distribution_days,late,6,5,1,0,0.030746079757758785,0.09776827816854072,0.12515888039996026,0.8333333333333334,-0.1006197590087139,0.05158576077586644,0.0869574955963843,0.09176827816854072,0.06698080956894209,0.07074132173814968
2026,filter,S4,intraday_supported_trend,all,0,0,0,0,,,,,,,,,,
2026,filter,S4,nearby_price_support,all,2,2,0,0,,0.1415434331815303,0.1415434331815303,1.0,0.1404951286668008,0.1080435094002572,0.1415434331815303,0.13554343318153028,0.1404951286668008,0.1404951286668008
2026,filter,S4,nearby_price_support,early,0,0,0,0,,,,,,,,,,
2026,filter,S4,nearby_price_support,late,2,2,0,0,,0.1415434331815303,0.1415434331815303,1.0,0.1404951286668008,0.1080435094002572,0.1415434331815303,0.13554343318153028,0.1404951286668008,0.1404951286668008
2026,filter,S4,weekly_uptrend,all,0,0,0,0,,,,,,,,,,
2026,existing,S5,common,all,1,1,1,0,0.1038543827451508,-0.19906886061092,-0.19906886061092,0.0,-0.19906886061092,-0.20861137133478558,-0.19906886061092,-0.20506886061092,,
2026,existing,S5,common,early,0,0,0,0,,,,,,,,,,
2026,existing,S5,common,late,1,1,1,0,0.1038543827451508,-0.19906886061092,-0.19906886061092,0.0,-0.19906886061092,-0.20861137133478558,-0.19906886061092,-0.20506886061092,,
2026,filter,S5,no_recent_failed_breakout,all,0,0,1,0,0.1038543827451508,,,,,,,,,
2026,filter,S5,no_recent_failed_breakout,early,0,0,0,0,,,,,,,,,,
2026,filter,S5,no_recent_failed_breakout,late,0,0,1,0,0.1038543827451508,,,,,,,,,
2026,filter,S5,few_distribution_days,all,1,1,1,0,0.1038543827451508,-0.19906886061092,-0.19906886061092,0.0,-0.19906886061092,-0.20861137133478558,-0.19906886061092,-0.20506886061092,,
2026,filter,S5,few_distribution_days,early,0,0,0,0,,,,,,,,,,
2026,filter,S5,few_distribution_days,late,1,1,1,0,0.1038543827451508,-0.19906886061092,-0.19906886061092,0.0,-0.19906886061092,-0.20861137133478558,-0.19906886061092,-0.20506886061092,,
2026,filter,S5,intraday_supported_trend,all,0,0,1,0,0.1038543827451508,,,,,,,,,
2026,filter,S5,intraday_supported_trend,early,0,0,0,0,,,,,,,,,,
2026,filter,S5,intraday_supported_trend,late,0,0,1,0,0.1038543827451508,,,,,,,,,
2026,filter,S5,nearby_price_support,all,0,0,0,0,,,,,,,,,,
2026,filter,S5,weekly_uptrend,all,0,0,0,0,,,,,,,,,,
2026,existing,S6,common,all,2,1,0,0,,0.008166270753035776,0.008166270753035776,0.5,-0.1052084676288565,-0.002813575151757064,0.008166270753035776,0.0021662707530357758,-0.1052084676288565,
2026,existing,S6,common,early,0,0,0,0,,,,,,,,,,
2026,existing,S6,common,late,2,1,0,0,,0.008166270753035776,0.008166270753035776,0.5,-0.1052084676288565,-0.002813575151757064,0.008166270753035776,0.0021662707530357758,-0.1052084676288565,
2026,filter,S6,no_recent_failed_breakout,all,2,1,0,0,,0.008166270753035776,0.008166270753035776,0.5,-0.1052084676288565,-0.002813575151757064,0.008166270753035776,0.0021662707530357758,-0.1052084676288565,
2026,filter,S6,no_recent_failed_breakout,early,0,0,0,0,,,,,,,,,,
2026,filter,S6,no_recent_failed_breakout,late,2,1,0,0,,0.008166270753035776,0.008166270753035776,0.5,-0.1052084676288565,-0.002813575151757064,0.008166270753035776,0.0021662707530357758,-0.1052084676288565,
2026,filter,S6,few_distribution_days,all,1,1,0,0,,0.12154100913492805,0.12154100913492805,1.0,0.12154100913492805,0.11373338584064552,0.12154100913492805,0.11554100913492804,,
2026,filter,S6,few_distribution_days,early,0,0,0,0,,,,,,,,,,
2026,filter,S6,few_distribution_days,late,1,1,0,0,,0.12154100913492805,0.12154100913492805,1.0,0.12154100913492805,0.11373338584064552,0.12154100913492805,0.11554100913492804,,
2026,filter,S6,intraday_supported_trend,all,0,0,0,0,,,,,,,,,,
2026,filter,S6,nearby_price_support,all,2,1,0,0,,0.008166270753035776,0.008166270753035776,0.5,-0.1052084676288565,-0.002813575151757064,0.008166270753035776,0.0021662707530357758,-0.1052084676288565,
2026,filter,S6,nearby_price_support,early,0,0,0,0,,,,,,,,,,
2026,filter,S6,nearby_price_support,late,2,1,0,0,,0.008166270753035776,0.008166270753035776,0.5,-0.1052084676288565,-0.002813575151757064,0.008166270753035776,0.0021662707530357758,-0.1052084676288565,
2026,filter,S6,weekly_uptrend,all,0,0,0,0,,,,,,,,,,
2026,existing,S7,common,all,46,19,5,0,0.06879699579371587,0.022754321454919763,0.06313900826008445,0.5217391304347826,-0.16577459703216935,0.005016225539036506,0.029055278794612706,0.016754321454919764,0.01766173300272844,0.021670137823419304
2026,existing,S7,common,early,3,3,0,0,,-0.018805521093848736,-0.09092614522509934,0.3333333333333333,-0.1274782343325408,-0.019403171924632256,-0.018805521093848736,-0.02480552109384874,-0.10920218977882007,-0.10920218977882007
2026,existing,S7,common,late,43,16,5,0,0.06879699579371587,0.025653845353671056,0.06349240473572282,0.5348837209302325,-0.16577459703216935,0.006719904431850606,0.038029178773699227,0.019653845353671054,0.02039677705997173,0.030838256653191495
2026,filter,S7,fresh_ma_support,all,3,3,0,0,,0.019706241291851057,-0.0928770619970497,0.3333333333333333,-0.09788518563948889,0.030812870135570696,0.019706241291851057,0.013706241291851056,-0.0953811238182693,-0.0953811238182693
2026,filter,S7,fresh_ma_support,early,0,0,0,0,,,,,,,,,,
2026,filter,S7,fresh_ma_support,late,3,3,0,0,,0.019706241291851057,-0.0928770619970497,0.3333333333333333,-0.09788518563948889,0.030812870135570696,0.019706241291851057,0.013706241291851056,-0.0953811238182693,-0.0953811238182693
2026,filter,S7,no_recent_failed_breakout,all,45,19,5,0,0.06879699579371587,0.026256089164617396,0.06349240473572282,0.5333333333333333,-0.16577459703216935,0.008335869133355964,0.03405229558745257,0.020256089164617394,0.021292374871399917,0.026944766660305826
2026,filter,S7,no_recent_failed_breakout,early,3,3,0,0,,-0.018805521093848736,-0.09092614522509934,0.3333333333333333,-0.1274782343325408,-0.019403171924632256,-0.018805521093848736,-0.02480552109384874,-0.10920218977882007,-0.10920218977882007
2026,filter,S7,no_recent_failed_breakout,late,42,16,5,0,0.06879699579371587,0.02947477561165069,0.0707863275552858,0.5476190476190477,-0.16577459703216935,0.010317229208926552,0.04396313621519656,0.02347477561165069,0.024376828407188276,0.036893696515516425
2026,filter,S7,few_distribution_days,all,34,17,5,0,0.06879699579371587,-0.012094347848513865,-0.07468461795047127,0.38235294117647056,-0.16321569026373572,-0.027746637162850633,0.009303105246229681,-0.018094347848513867,-0.02062970924126436,-0.005733011395386699
2026,filter,S7,few_distribution_days,early,3,3,0,0,,-0.018805521093848736,-0.09092614522509934,0.3333333333333333,-0.1274782343325408,-0.019403171924632256,-0.018805521093848736,-0.02480552109384874,-0.10920218977882007,-0.10920218977882007
2026,filter,S7,few_distribution_days,late,31,14,5,0,0.06879699579371587,-0.011444879469933071,-0.06916483851841515,0.3870967741935484,-0.16321569026373572,-0.028554069282678222,0.015326382319103628,-0.01744487946993307,-0.0201557411693339,-0.0027162783880493057
2026,filter,S7,intraday_supported_trend,all,9,8,4,0,0.04251768049836424,0.09003148795475355,0.11896434301535086,0.7777777777777778,-0.09636722729664238,0.05621777985233029,0.0841069903256099,0.08403148795475354,0.07674522550388736,0.06807633357759946
2026,filter,S7,intraday_supported_trend,early,1,1,0,0,,0.16198781627609393,0.16198781627609393,1.0,0.16198781627609393,0.13226909730260772,0.16198781627609393,0.15598781627609393,,
2026,filter,S7,intraday_supported_trend,late,8,7,4,0,0.04251768049836424,0.081036946914586,0.11577830554415469,0.75,-0.09636722729664238,0.04671136517104561,0.07298115804696934,0.075036946914586,0.06456771253642928,0.05242441979451704
2026,filter,S7,nearby_price_support,all,12,9,0,0,,0.01682829360949455,-0.036267851855722344,0.4166666666666667,-0.11007648322388408,0.003150944709307074,0.0305865128500972,0.01082829360949455,-0.004358313472559741,0.015205047032992212
2026,filter,S7,nearby_price_support,early,1,1,0,0,,-0.09092614522509934,-0.09092614522509934,0.0,-0.09092614522509934,-0.07451888006582186,-0.09092614522509934,-0.09692614522509935,,
2026,filter,S7,nearby_price_support,late,11,8,0,0,,0.026624151685366724,-0.003370865193029534,0.45454545454545453,-0.11007648322388408,0.010211837870682432,0.04577559510949677,0.020624151685366722,0.004298469702694219,0.030366645927005293
2026,filter,S7,weekly_uptrend,all,6,5,3,0,0.09225635140552295,-0.06577249211822174,-0.10050131422449171,0.16666666666666666,-0.16280893730865387,-0.07153121386146712,-0.06138604532995305,-0.07177249211822175,-0.11132455379708488,-0.1172295107314648
2026,filter,S7,weekly_uptrend,early,3,3,0,0,,-0.018805521093848736,-0.09092614522509934,0.3333333333333333,-0.1274782343325408,-0.019403171924632256,-0.018805521093848736,-0.02480552109384874,-0.10920218977882007,-0.10920218977882007
2026,filter,S7,weekly_uptrend,late,3,2,3,0,0.09225635140552295,-0.11273946314259475,-0.11007648322388408,0.0,-0.16280893730865387,-0.12365925579830199,-0.12525683168410953,-0.11873946314259476,-0.13644271026626897,-0.16280893730865387
