dataset,variant,seed,status,final,return,mdd,closed,open,mean_exposure,cagr
2026,S7,0,ok,0.9707349955599515,-0.029265004440048537,-0.15440896615279953,25,1,0.3237855415506844,
2026,S7,1,ok,1.011558313478123,0.011558313478122972,-0.14162707884462833,26,0,0.31166045872627857,
2026,S7,2,ok,0.9220678203787738,-0.07793217962122623,-0.14888398809518633,25,1,0.3300761200108505,
2026,S7,3,ok,0.938515073815243,-0.06148492618475698,-0.1881651078876163,24,2,0.34383135468154186,
2026,S7,4,ok,0.9101177757678018,-0.08988222423219816,-0.1708104660644315,26,0,0.31574291540624594,
2026,S7,5,ok,0.9538380567926117,-0.04616194320738831,-0.17952917124373746,26,0,0.32186072597277887,
2026,S7,6,ok,0.9087868151771831,-0.09121318482281693,-0.17425732170299568,25,2,0.33857189302455226,
2026,S7,7,ok,0.9538948128641502,-0.04610518713584977,-0.14106496617231368,24,2,0.32827604694494156,
2026,S7,8,ok,0.8995828191487693,-0.10041718085123075,-0.18752031764141985,24,2,0.31932036141029524,
2026,S7,9,ok,1.0170254993876118,0.017025499387611776,-0.13649704795603268,25,2,0.34880858960110755,
2026,S7,10,ok,0.9141308614938393,-0.08586913850616074,-0.16862806626237759,25,2,0.33583424844266574,
2026,S7,11,ok,1.0259129191157976,0.025912919115797628,-0.13648528362223777,22,2,0.32453940183334784,
2026,S7,12,ok,0.9940506237281093,-0.005949376271890738,-0.13651071998753161,23,1,0.31911175638006223,
2026,S7,13,ok,0.9540329835141274,-0.04596701648587265,-0.17210517539203263,25,2,0.3548803055515872,
2026,S7,14,ok,0.936837051095933,-0.06316294890406704,-0.15995412341551918,26,2,0.35082509471700296,
2026,S7,15,ok,0.9668943868041595,-0.03310561319584049,-0.15359783898364165,25,1,0.32676342273882925,
2026,S7,16,ok,1.0527329310087907,0.05273293100879073,-0.14923796857264382,25,2,0.3439767245573749,
2026,S7,17,ok,0.970470514314525,-0.029529485685474977,-0.16768141201053322,23,1,0.3151477302586227,
2026,S7,18,ok,0.9509540833098913,-0.049045916690108715,-0.1489385977649169,25,1,0.33149168604993073,
2026,S7,19,ok,1.0754223428345961,0.07542234283459615,-0.14162707884462833,23,1,0.31120810139179855,
2026,S7_QQQ,0,ok,1.066020067524627,0.06602006752462697,-0.09463644187663922,16,2,0.2598839149622464,
2026,S7_QQQ,1,ok,1.0647650067086432,0.06476500670864316,-0.08437156122822043,16,1,0.24540726727684475,
2026,S7_QQQ,2,ok,1.0700305614298569,0.07003056142985686,-0.06709258969384868,16,2,0.27543815506291197,
2026,S7_QQQ,3,ok,1.0964763816558296,0.09647638165582961,-0.06709258969384868,15,2,0.26229547089937644,
2026,S7_QQQ,4,ok,1.0649458399829912,0.0649458399829912,-0.09463644187663922,16,2,0.2615180853008854,
2026,S7_QQQ,5,ok,1.066020067524627,0.06602006752462697,-0.09463644187663922,16,2,0.2598839149622464,
2026,S7_QQQ,6,ok,1.0647650067086432,0.06476500670864316,-0.08437156122822043,16,1,0.24540726727684475,
2026,S7_QQQ,7,ok,1.0964763816558296,0.09647638165582961,-0.06709258969384868,15,2,0.26229547089937644,
2026,S7_QQQ,8,ok,1.0255765778727723,0.025576577872772344,-0.09463644187663922,17,1,0.2536374361659366,
2026,S7_QQQ,9,ok,1.0700305614298569,0.07003056142985686,-0.06709258969384868,16,2,0.27543815506291197,
2026,S7_QQQ,10,ok,1.0649458399829912,0.0649458399829912,-0.09463644187663922,16,2,0.2615180853008854,
2026,S7_QQQ,11,ok,1.0964763816558296,0.09647638165582961,-0.06709258969384868,15,2,0.26229547089937644,
2026,S7_QQQ,12,ok,1.0393801985250528,0.03938019852505281,-0.08437156122822043,17,1,0.25812283900293237,
2026,S7_QQQ,13,ok,1.0700305614298569,0.07003056142985686,-0.06709258969384868,16,2,0.27543815506291197,
2026,S7_QQQ,14,ok,1.0393801985250528,0.03938019852505281,-0.08437156122822043,17,1,0.25812283900293237,
2026,S7_QQQ,15,ok,1.0700305614298569,0.07003056142985686,-0.06709258969384868,16,2,0.27543815506291197,
2026,S7_QQQ,16,ok,1.0700305614298569,0.07003056142985686,-0.06709258969384868,16,2,0.27543815506291197,
2026,S7_QQQ,17,ok,1.066020067524627,0.06602006752462697,-0.09463644187663922,16,2,0.2598839149622464,
2026,S7_QQQ,18,ok,1.0964763816558296,0.09647638165582961,-0.06709258969384868,15,2,0.26229547089937644,
2026,S7_QQQ,19,ok,1.0393801985250528,0.03938019852505281,-0.08437156122822043,17,1,0.25812283900293237,
2026,S7_watchlist,0,ok,1.2129390883392346,0.21293908833923458,-0.07896511077758717,17,2,0.2712906956282558,
2026,S7_watchlist,1,ok,1.1264809435274694,0.1264809435274694,-0.09081978778446942,18,2,0.26237640023454173,
2026,S7_watchlist,2,ok,1.1628110632466915,0.16281106324669148,-0.0823278696909413,19,2,0.27474716811463845,
2026,S7_watchlist,3,ok,1.175241316442647,0.17524131644264695,-0.07501519468133788,17,2,0.2601614175367242,
2026,S7_watchlist,4,ok,1.1382362924695966,0.13823629246959657,-0.07800530402594541,18,2,0.25703141632385507,
2026,S7_watchlist,5,ok,1.123215001829221,0.12321500182922107,-0.09081978778446942,19,2,0.273204541145987,
2026,S7_watchlist,6,ok,1.1317622829122613,0.13176228291226133,-0.08981296705619568,19,1,0.26013000637539824,
2026,S7_watchlist,7,ok,1.225709947906842,0.22570994790684207,-0.07896511077758717,19,2,0.27460660359986794,
2026,S7_watchlist,8,ok,1.073684443683516,0.07368444368351601,-0.09313611973332747,19,1,0.26027057089016875,
2026,S7_watchlist,9,ok,1.1628110632466915,0.16281106324669148,-0.0823278696909413,19,2,0.27474716811463845,
2026,S7_watchlist,10,ok,1.1107537438897945,0.11075374388979453,-0.09313611973332747,19,2,0.2769071253353822,
2026,S7_watchlist,11,ok,1.1973564555494616,0.19735645554946157,-0.07907935233500141,18,2,0.28750429409073086,
2026,S7_watchlist,12,ok,1.1634770607682892,0.16347706076828916,-0.08992586308803818,18,2,0.27575482042135024,
2026,S7_watchlist,13,ok,1.1628110632466915,0.16281106324669148,-0.0823278696909413,19,2,0.27474716811463845,
2026,S7_watchlist,14,ok,1.1103430992982126,0.11034309929821262,-0.09313611973332747,19,2,0.27470378375257704,
2026,S7_watchlist,15,ok,1.1758563387397025,0.17585633873970252,-0.07998393106876744,19,2,0.27104458392524317,
2026,S7_watchlist,16,ok,1.213951025003657,0.21395102500365692,-0.07907935233500141,19,2,0.28220072960583165,
2026,S7_watchlist,17,ok,1.187249943899742,0.18724994389974192,-0.08088667489570112,18,2,0.26465040729888184,
2026,S7_watchlist,18,ok,1.1628110632466915,0.16281106324669148,-0.0823278696909413,19,2,0.27474716811463845,
2026,S7_watchlist,19,ok,1.13402809111962,0.1340280911196201,-0.07800530402594541,19,2,0.26343394114627494,
2026,S7_both,0,ok,1.1366682654269626,0.13666826542696264,-0.07760415944387478,15,2,0.2541113406867106,
2026,S7_both,1,ok,1.1366682654269626,0.13666826542696264,-0.07760415944387478,15,2,0.2541113406867106,
2026,S7_both,2,ok,1.1366682654269626,0.13666826542696264,-0.07760415944387478,15,2,0.2541113406867106,
2026,S7_both,3,ok,1.1366682654269626,0.13666826542696264,-0.07760415944387478,15,2,0.2541113406867106,
2026,S7_both,4,ok,1.1366682654269626,0.13666826542696264,-0.07760415944387478,15,2,0.2541113406867106,
2026,S7_both,5,ok,1.1366682654269626,0.13666826542696264,-0.07760415944387478,15,2,0.2541113406867106,
2026,S7_both,6,ok,1.1366682654269626,0.13666826542696264,-0.07760415944387478,15,2,0.2541113406867106,
2026,S7_both,7,ok,1.1366682654269626,0.13666826542696264,-0.07760415944387478,15,2,0.2541113406867106,
2026,S7_both,8,ok,1.1366682654269626,0.13666826542696264,-0.07760415944387478,15,2,0.2541113406867106,
2026,S7_both,9,ok,1.1366682654269626,0.13666826542696264,-0.07760415944387478,15,2,0.2541113406867106,
2026,S7_both,10,ok,1.1366682654269626,0.13666826542696264,-0.07760415944387478,15,2,0.2541113406867106,
2026,S7_both,11,ok,1.1366682654269626,0.13666826542696264,-0.07760415944387478,15,2,0.2541113406867106,
2026,S7_both,12,ok,1.1366682654269626,0.13666826542696264,-0.07760415944387478,15,2,0.2541113406867106,
2026,S7_both,13,ok,1.1366682654269626,0.13666826542696264,-0.07760415944387478,15,2,0.2541113406867106,
2026,S7_both,14,ok,1.1366682654269626,0.13666826542696264,-0.07760415944387478,15,2,0.2541113406867106,
2026,S7_both,15,ok,1.1366682654269626,0.13666826542696264,-0.07760415944387478,15,2,0.2541113406867106,
2026,S7_both,16,ok,1.1366682654269626,0.13666826542696264,-0.07760415944387478,15,2,0.2541113406867106,
2026,S7_both,17,ok,1.1366682654269626,0.13666826542696264,-0.07760415944387478,15,2,0.2541113406867106,
2026,S7_both,18,ok,1.1366682654269626,0.13666826542696264,-0.07760415944387478,15,2,0.2541113406867106,
2026,S7_both,19,ok,1.1366682654269626,0.13666826542696264,-0.07760415944387478,15,2,0.2541113406867106,
