variant,day,equity,cash,positions
S7,2026-05-01,1.0,1.0,0
S7,2026-05-04,1.0,1.0,0
S7,2026-05-05,1.0,1.0,0
S7,2026-05-06,1.0132795969197375,0.8,1
S7,2026-05-07,0.9934405802787566,0.8,1
S7,2026-05-08,0.9997695980839917,0.8,1
S7,2026-05-11,1.0308060910980552,0.8,1
S7,2026-05-12,1.0322666348589904,1.0322666348589904,0
S7,2026-05-13,1.0322666348589904,1.0322666348589904,0
S7,2026-05-14,1.0322666348589904,1.0322666348589904,0
S7,2026-05-15,1.0322666348589904,1.0322666348589904,0
S7,2026-05-18,1.0322666348589904,1.0322666348589904,0
S7,2026-05-19,1.0322666348589904,1.0322666348589904,0
S7,2026-05-20,1.0322666348589904,1.0322666348589904,0
S7,2026-05-21,1.0322666348589904,1.0322666348589904,0
S7,2026-05-22,1.0322666348589904,1.0322666348589904,0
S7,2026-05-26,1.0322666348589904,1.0322666348589904,0
S7,2026-05-27,1.0322666348589904,1.0322666348589904,0
S7,2026-05-28,1.0322666348589904,1.0322666348589904,0
S7,2026-05-29,1.0322666348589904,1.0322666348589904,0
S7,2026-06-01,1.0322666348589904,1.0322666348589904,0
S7,2026-06-02,1.0322666348589904,1.0322666348589904,0
S7,2026-06-03,1.0322666348589904,1.0322666348589904,0
S7,2026-06-04,1.0322666348589904,1.0322666348589904,0
S7,2026-06-05,1.0322666348589904,1.0322666348589904,0
S7,2026-06-08,1.0322666348589904,1.0322666348589904,0
S7,2026-06-09,1.0322666348589904,1.0322666348589904,0
S7,2026-06-10,1.0322666348589904,1.0322666348589904,0
S7,2026-06-11,1.0322666348589904,1.0322666348589904,0
S7,2026-06-12,1.0322666348589904,1.0322666348589904,0
S7,2026-06-15,1.0322666348589904,1.0322666348589904,0
S7,2026-06-16,1.0322666348589904,1.0322666348589904,0
S7,2026-06-17,1.0322666348589904,1.0322666348589904,0
S7,2026-06-18,1.0322666348589904,1.0322666348589904,0
S7,2026-06-22,1.0322666348589904,1.0322666348589904,0
S7,2026-06-23,1.0322666348589904,1.0322666348589904,0
S7,2026-06-24,1.018711337723027,0.8258133078871923,1
S7,2026-06-25,1.0074819472209167,0.6207037269591227,2
S7,2026-06-26,0.9881980525671951,0.8009421631027067,1
S7,2026-06-29,0.9874747332801902,0.9874747332801902,0
S7,2026-06-30,0.9874747332801902,0.9874747332801902,0
S7,2026-07-01,0.9874747332801902,0.9874747332801902,0
S7,2026-07-02,0.9874747332801902,0.9874747332801902,0
S7,2026-07-06,0.9874747332801902,0.9874747332801902,0
S7,2026-07-07,0.9874747332801902,0.9874747332801902,0
S7,2026-07-08,0.9874747332801902,0.9874747332801902,0
S7,2026-07-09,0.9874747332801902,0.9874747332801902,0
S7,2026-07-10,0.9874747332801902,0.9874747332801902,0
S7,2026-07-13,0.9874747332801902,0.9874747332801902,0
S7,2026-07-14,0.9874747332801902,0.9874747332801902,0
S7,2026-07-15,0.9874747332801902,0.9874747332801902,0
S7,2026-07-16,0.9874747332801902,0.9874747332801902,0
S7,2026-07-17,0.9874747332801902,0.9874747332801902,0
S7,2026-07-20,0.9874191348421724,0.7899797866241521,1
S7,2026-07-21,1.0148619181799248,0.591221004902061,2
S7,2026-07-22,1.025673506743111,0.591221004902061,2
S7,2026-07-23,1.0287570235993628,0.8188599582215242,1
S7,2026-07-24,0.9494556762005281,0.20292681201385687,4
S7,2026-07-27,0.9409974044473403,0.38746158504145123,3
S7,2026-07-28,0.9158871655263153,0.5512227436938114,2
S7,2026-07-29,0.9178711380331408,0.7304465876917249,1
S7,2026-07-30,0.916173408220688,0.7304465876917249,1
S7,2026-07-31,0.8729239053339559,0.0,5
S7,2026-08-03,0.9195385785323434,0.15370871796413466,4
S7,2026-08-04,0.9104261655964327,0.0,5
S7,2026-08-05,0.9085859827326798,0.3484499206782029,3
S7,2026-08-06,0.9107196788433514,0.3484499206782029,3
S7,2026-08-07,0.9445372823026587,0.3484499206782029,3
S7,2026-08-10,0.948110684451634,0.7738603697417775,1
S7,2026-08-11,0.9556651814904644,0.7738603697417775,1
S7,2026-08-12,0.9598907920364823,0.7738603697417775,1
S7,2026-08-13,0.9590585851791922,0.7738603697417775,1
S7,2026-08-14,0.9634261256810702,0.7738603697417775,1
S7,2026-08-17,0.9625164863759513,0.7738603697417775,1
S7,2026-08-18,0.949684809530124,0.7738603697417775,1
S7,2026-08-19,0.9422399740052539,0.7738603697417775,1
S7,2026-08-20,0.9445818084330029,0.7738603697417775,1
S7,2026-08-21,0.9234750226975796,0.016075026462181785,5
S7,2026-08-24,0.8929249999521964,0.016075026462181785,5
S7,2026-08-25,0.9098853000077145,0.009746529617007144,5
S7,2026-08-26,0.9210171815760054,0.009746529617007144,5
S7,2026-08-27,0.935245083874571,0.009746529617007144,5
S7,2026-08-28,0.8992927642063706,0.009746529617007144,5
S7,2026-08-31,0.8979328636272518,0.009746529617007144,5
S7,2026-09-01,0.8728754109763843,0.34307175305355897,3
S7,2026-09-02,0.8750867943141329,0.5161138341766058,2
S7,2026-09-03,0.8877651837938585,0.0,5
S7,2026-09-04,0.9295610997772887,0.0,5
S7,2026-09-08,0.9621189919704551,0.21391963545413042,4
S7,2026-09-09,0.9594346096799082,0.21391963545413042,4
S7,2026-09-10,0.9316737007449589,0.025568908316015743,5
S7,2026-09-11,0.9402561008961356,0.025568908316015743,5
S7,2026-09-14,0.8837906384369754,0.025568908316015743,5
S7,2026-09-15,0.8834991216874241,0.19473223159116404,4
S7,2026-09-16,0.898455905974783,0.19473223159116404,4
S7,2026-09-17,0.8974164173761807,0.011377835395936897,5
S7,2026-09-18,0.9340075286038185,0.011377835395936897,5
S7,2026-09-21,0.9619087749163848,0.021944916511750984,5
S7,2026-09-22,0.9817660958105198,0.021944916511750984,5
S7,2026-09-23,0.9673350256956716,0.4059131059159746,3
S7,2026-09-24,0.9771888096641268,0.4059131059159746,3
S7,2026-09-25,0.9646716703119068,0.4059131059159746,3
S7,2026-09-28,0.9516443643494658,0.4059131059159746,3
S7,2026-09-29,0.9666494017572032,0.5766349864572646,2
S7,2026-09-30,0.9649049133843307,0.7664631723333438,1
S7,2026-10-01,0.961876290931441,0.7664631723333438,1
S7,2026-10-02,0.9707349955599515,0.7664631723333438,1
S7_QQQ,2026-05-01,1.0,1.0,0
S7_QQQ,2026-05-04,1.0,1.0,0
S7_QQQ,2026-05-05,1.0,1.0,0
S7_QQQ,2026-05-06,1.0132795969197375,0.8,1
S7_QQQ,2026-05-07,0.9934405802787566,0.8,1
S7_QQQ,2026-05-08,0.9997695980839917,0.8,1
S7_QQQ,2026-05-11,1.0308060910980552,0.8,1
S7_QQQ,2026-05-12,1.0322666348589904,1.0322666348589904,0
S7_QQQ,2026-05-13,1.0322666348589904,1.0322666348589904,0
S7_QQQ,2026-05-14,1.0322666348589904,1.0322666348589904,0
S7_QQQ,2026-05-15,1.0322666348589904,1.0322666348589904,0
S7_QQQ,2026-05-18,1.0322666348589904,1.0322666348589904,0
S7_QQQ,2026-05-19,1.0322666348589904,1.0322666348589904,0
S7_QQQ,2026-05-20,1.0322666348589904,1.0322666348589904,0
S7_QQQ,2026-05-21,1.0322666348589904,1.0322666348589904,0
S7_QQQ,2026-05-22,1.0322666348589904,1.0322666348589904,0
S7_QQQ,2026-05-26,1.0322666348589904,1.0322666348589904,0
S7_QQQ,2026-05-27,1.0322666348589904,1.0322666348589904,0
S7_QQQ,2026-05-28,1.0322666348589904,1.0322666348589904,0
S7_QQQ,2026-05-29,1.0322666348589904,1.0322666348589904,0
S7_QQQ,2026-06-01,1.0322666348589904,1.0322666348589904,0
S7_QQQ,2026-06-02,1.0322666348589904,1.0322666348589904,0
S7_QQQ,2026-06-03,1.0322666348589904,1.0322666348589904,0
S7_QQQ,2026-06-04,1.0322666348589904,1.0322666348589904,0
S7_QQQ,2026-06-05,1.0322666348589904,1.0322666348589904,0
S7_QQQ,2026-06-08,1.0322666348589904,1.0322666348589904,0
S7_QQQ,2026-06-09,1.0322666348589904,1.0322666348589904,0
S7_QQQ,2026-06-10,1.0322666348589904,1.0322666348589904,0
S7_QQQ,2026-06-11,1.0322666348589904,1.0322666348589904,0
S7_QQQ,2026-06-12,1.0322666348589904,1.0322666348589904,0
S7_QQQ,2026-06-15,1.0322666348589904,1.0322666348589904,0
S7_QQQ,2026-06-16,1.0322666348589904,1.0322666348589904,0
S7_QQQ,2026-06-17,1.0322666348589904,1.0322666348589904,0
S7_QQQ,2026-06-18,1.0322666348589904,1.0322666348589904,0
S7_QQQ,2026-06-22,1.0322666348589904,1.0322666348589904,0
S7_QQQ,2026-06-23,1.0322666348589904,1.0322666348589904,0
S7_QQQ,2026-06-24,1.018711337723027,0.8258133078871923,1
S7_QQQ,2026-06-25,1.0074819472209167,0.6207037269591227,2
S7_QQQ,2026-06-26,0.9881980525671951,0.8009421631027067,1
S7_QQQ,2026-06-29,0.9874747332801902,0.9874747332801902,0
S7_QQQ,2026-06-30,0.9874747332801902,0.9874747332801902,0
S7_QQQ,2026-07-01,0.9874747332801902,0.9874747332801902,0
S7_QQQ,2026-07-02,0.9874747332801902,0.9874747332801902,0
S7_QQQ,2026-07-06,0.9874747332801902,0.9874747332801902,0
S7_QQQ,2026-07-07,0.9874747332801902,0.9874747332801902,0
S7_QQQ,2026-07-08,0.9874747332801902,0.9874747332801902,0
S7_QQQ,2026-07-09,0.9874747332801902,0.9874747332801902,0
S7_QQQ,2026-07-10,0.9874747332801902,0.9874747332801902,0
S7_QQQ,2026-07-13,0.9874747332801902,0.9874747332801902,0
S7_QQQ,2026-07-14,0.9874747332801902,0.9874747332801902,0
S7_QQQ,2026-07-15,0.9874747332801902,0.9874747332801902,0
S7_QQQ,2026-07-16,0.9874747332801902,0.9874747332801902,0
S7_QQQ,2026-07-17,0.9874747332801902,0.9874747332801902,0
S7_QQQ,2026-07-20,0.9874747332801902,0.9874747332801902,0
S7_QQQ,2026-07-21,0.9874747332801902,0.9874747332801902,0
S7_QQQ,2026-07-22,0.9874747332801902,0.9874747332801902,0
S7_QQQ,2026-07-23,0.9874747332801902,0.9874747332801902,0
S7_QQQ,2026-07-24,0.9874747332801902,0.9874747332801902,0
S7_QQQ,2026-07-27,0.9874747332801902,0.9874747332801902,0
S7_QQQ,2026-07-28,0.990171736093326,0.7899797866241521,1
S7_QQQ,2026-07-29,0.9919714300305342,0.7899797866241521,1
S7_QQQ,2026-07-30,0.9901417485173458,0.7899797866241521,1
S7_QQQ,2026-07-31,0.9875828309585446,0.5910092360826967,2
S7_QQQ,2026-08-03,1.0130894717805823,0.5910092360826967,2
S7_QQQ,2026-08-04,1.0106614267454457,0.2249820296849705,4
S7_QQQ,2026-08-05,0.9939377961819986,0.6078612746163047,2
S7_QQQ,2026-08-06,0.9704242485740805,0.6078612746163047,2
S7_QQQ,2026-08-07,0.9890769080377433,0.7855723548580043,1
S7_QQQ,2026-08-10,0.9715514310153135,0.7855723548580043,1
S7_QQQ,2026-08-11,0.9731700159395807,0.7855723548580043,1
S7_QQQ,2026-08-12,0.9987472409860352,0.7855723548580043,1
S7_QQQ,2026-08-13,0.9868456415779486,0.7855723548580043,1
S7_QQQ,2026-08-14,0.9973001298687346,0.7855723548580043,1
S7_QQQ,2026-08-17,1.0070756298837615,0.7855723548580043,1
S7_QQQ,2026-08-18,0.9934457157102503,0.9934457157102503,0
S7_QQQ,2026-08-19,0.9934457157102503,0.9934457157102503,0
S7_QQQ,2026-08-20,0.9934457157102503,0.9934457157102503,0
S7_QQQ,2026-08-21,0.9856252645192536,0.7947565725682002,1
S7_QQQ,2026-08-24,0.9775783407698017,0.7947565725682002,1
S7_QQQ,2026-08-25,0.9902883021348741,0.40111343470490546,3
S7_QQQ,2026-08-26,0.9892418546129463,0.006384893787230617,5
S7_QQQ,2026-08-27,1.0005872327807626,0.006384893787230617,5
S7_QQQ,2026-08-28,0.9512507619449699,0.006384893787230617,5
S7_QQQ,2026-08-31,0.9465483657745164,0.17724413249334373,4
S7_QQQ,2026-09-01,0.9345765934679636,0.17724413249334373,4
S7_QQQ,2026-09-02,0.943614162478568,0.17724413249334373,4
S7_QQQ,2026-09-03,0.9637688077910919,0.0,5
S7_QQQ,2026-09-04,1.0100325729117976,0.0,5
S7_QQQ,2026-09-08,1.0580103428134782,0.24580562717207094,4
S7_QQQ,2026-09-09,1.0647344956604254,0.4719414485627956,3
S7_QQQ,2026-09-10,1.042825797462017,0.26147014938853147,4
S7_QQQ,2026-09-11,1.0514497706533457,0.05014933327015722,5
S7_QQQ,2026-09-14,0.9999113841222643,0.05014933327015722,5
S7_QQQ,2026-09-15,1.0027048965251155,0.24041738471359755,4
S7_QQQ,2026-09-16,1.0197305876880969,0.24041738471359755,4
S7_QQQ,2026-09-17,1.0189251960555188,0.033483000361214627,5
S7_QQQ,2026-09-18,1.0493807247616032,0.033483000361214627,5
S7_QQQ,2026-09-21,1.0737766631644756,0.03112979356660453,5
S7_QQQ,2026-09-22,1.0908709420667158,0.03112979356660453,5
S7_QQQ,2026-09-23,1.0733596592534336,0.43023657415965494,3
S7_QQQ,2026-09-24,1.0844597293529041,0.43023657415965494,3
S7_QQQ,2026-09-25,1.0728065317322066,0.43023657415965494,3
S7_QQQ,2026-09-28,1.0550645674860273,0.43023657415965494,3
S7_QQQ,2026-09-29,1.058126386173139,0.6229138591246528,2
S7_QQQ,2026-09-30,1.0590644549428088,0.6229138591246528,2
S7_QQQ,2026-10-01,1.0539393793530007,0.6229138591246528,2
S7_QQQ,2026-10-02,1.066020067524627,0.6229138591246528,2
S7_watchlist,2026-05-01,1.0,1.0,0
S7_watchlist,2026-05-04,1.0,1.0,0
S7_watchlist,2026-05-05,1.0,1.0,0
S7_watchlist,2026-05-06,1.0132795969197375,0.8,1
S7_watchlist,2026-05-07,0.9934405802787566,0.8,1
S7_watchlist,2026-05-08,0.9997695980839917,0.8,1
S7_watchlist,2026-05-11,1.0308060910980552,0.8,1
S7_watchlist,2026-05-12,1.0322666348589904,1.0322666348589904,0
S7_watchlist,2026-05-13,1.0322666348589904,1.0322666348589904,0
S7_watchlist,2026-05-14,1.0322666348589904,1.0322666348589904,0
S7_watchlist,2026-05-15,1.0322666348589904,1.0322666348589904,0
S7_watchlist,2026-05-18,1.0322666348589904,1.0322666348589904,0
S7_watchlist,2026-05-19,1.0322666348589904,1.0322666348589904,0
S7_watchlist,2026-05-20,1.0322666348589904,1.0322666348589904,0
S7_watchlist,2026-05-21,1.0322666348589904,1.0322666348589904,0
S7_watchlist,2026-05-22,1.0322666348589904,1.0322666348589904,0
S7_watchlist,2026-05-26,1.0322666348589904,1.0322666348589904,0
S7_watchlist,2026-05-27,1.0322666348589904,1.0322666348589904,0
S7_watchlist,2026-05-28,1.0322666348589904,1.0322666348589904,0
S7_watchlist,2026-05-29,1.0322666348589904,1.0322666348589904,0
S7_watchlist,2026-06-01,1.0322666348589904,1.0322666348589904,0
S7_watchlist,2026-06-02,1.0322666348589904,1.0322666348589904,0
S7_watchlist,2026-06-03,1.0322666348589904,1.0322666348589904,0
S7_watchlist,2026-06-04,1.0322666348589904,1.0322666348589904,0
S7_watchlist,2026-06-05,1.0322666348589904,1.0322666348589904,0
S7_watchlist,2026-06-08,1.0322666348589904,1.0322666348589904,0
S7_watchlist,2026-06-09,1.0322666348589904,1.0322666348589904,0
S7_watchlist,2026-06-10,1.0322666348589904,1.0322666348589904,0
S7_watchlist,2026-06-11,1.0322666348589904,1.0322666348589904,0
S7_watchlist,2026-06-12,1.0322666348589904,1.0322666348589904,0
S7_watchlist,2026-06-15,1.0322666348589904,1.0322666348589904,0
S7_watchlist,2026-06-16,1.0322666348589904,1.0322666348589904,0
S7_watchlist,2026-06-17,1.0322666348589904,1.0322666348589904,0
S7_watchlist,2026-06-18,1.0322666348589904,1.0322666348589904,0
S7_watchlist,2026-06-22,1.0322666348589904,1.0322666348589904,0
S7_watchlist,2026-06-23,1.0322666348589904,1.0322666348589904,0
S7_watchlist,2026-06-24,1.018711337723027,0.8258133078871923,1
S7_watchlist,2026-06-25,1.012202728817361,0.8258133078871923,1
S7_watchlist,2026-06-26,1.0060517440307764,1.0060517440307764,0
S7_watchlist,2026-06-29,1.0060517440307764,1.0060517440307764,0
S7_watchlist,2026-06-30,1.0060517440307764,1.0060517440307764,0
S7_watchlist,2026-07-01,1.0060517440307764,1.0060517440307764,0
S7_watchlist,2026-07-02,1.0060517440307764,1.0060517440307764,0
S7_watchlist,2026-07-06,1.0060517440307764,1.0060517440307764,0
S7_watchlist,2026-07-07,1.0060517440307764,1.0060517440307764,0
S7_watchlist,2026-07-08,1.0060517440307764,1.0060517440307764,0
S7_watchlist,2026-07-09,1.0060517440307764,1.0060517440307764,0
S7_watchlist,2026-07-10,1.0060517440307764,1.0060517440307764,0
S7_watchlist,2026-07-13,1.0060517440307764,1.0060517440307764,0
S7_watchlist,2026-07-14,1.0060517440307764,1.0060517440307764,0
S7_watchlist,2026-07-15,1.0060517440307764,1.0060517440307764,0
S7_watchlist,2026-07-16,1.0060517440307764,1.0060517440307764,0
S7_watchlist,2026-07-17,1.0060517440307764,1.0060517440307764,0
S7_watchlist,2026-07-20,1.0060517440307764,1.0060517440307764,0
S7_watchlist,2026-07-21,1.0060517440307764,1.0060517440307764,0
S7_watchlist,2026-07-22,1.0060517440307764,1.0060517440307764,0
S7_watchlist,2026-07-23,1.0060517440307764,1.0060517440307764,0
S7_watchlist,2026-07-24,0.9895066803187402,0.8048413952246211,1
S7_watchlist,2026-07-27,0.9851662060498358,0.8048413952246211,1
S7_watchlist,2026-07-28,0.9790914283235748,0.781139684600827,1
S7_watchlist,2026-07-29,0.9808709831657263,0.781139684600827,1
S7_watchlist,2026-07-30,0.9790617763172327,0.781139684600827,1
S7_watchlist,2026-07-31,0.9548309522819937,0.19090764679521458,4
S7_watchlist,2026-08-03,1.0289658271571371,0.19090764679521458,4
S7_watchlist,2026-08-04,1.0467100923064223,0.004952053271494838,5
S7_watchlist,2026-08-05,1.0322367533865988,0.6341859563720749,2
S7_watchlist,2026-08-06,1.038732576125439,0.6341859563720749,2
S7_watchlist,2026-08-07,1.0787979531066783,0.6341859563720749,2
S7_watchlist,2026-08-10,1.0631948660130046,0.8709906503042326,1
S7_watchlist,2026-08-11,1.0648676286288574,0.8709906503042326,1
S7_watchlist,2026-08-12,1.091300981141601,0.8709906503042326,1
S7_watchlist,2026-08-13,1.0790010083318837,0.8709906503042326,1
S7_watchlist,2026-08-14,1.0898054319481587,0.8709906503042326,1
S7_watchlist,2026-08-17,1.099908140018179,0.8709906503042326,1
S7_watchlist,2026-08-18,1.0858220018459377,1.0858220018459377,0
S7_watchlist,2026-08-19,1.0858220018459377,1.0858220018459377,0
S7_watchlist,2026-08-20,1.0858220018459377,1.0858220018459377,0
S7_watchlist,2026-08-21,1.067102546110814,0.43432880073837515,3
S7_watchlist,2026-08-24,1.039850827846694,0.43432880073837515,3
S7_watchlist,2026-08-25,1.0586537887668306,0.21464790083369623,4
S7_watchlist,2026-08-26,1.0650253695722576,0.003611255209166553,5
S7_watchlist,2026-08-27,1.0774703074630814,0.003611255209166553,5
S7_watchlist,2026-08-28,1.040617710284139,0.003611255209166553,5
S7_watchlist,2026-08-31,1.0309068465634788,0.003611255209166553,5
S7_watchlist,2026-09-01,1.0130537718964736,0.1969646561748426,4
S7_watchlist,2026-09-02,1.0227466283901592,0.1969646561748426,4
S7_watchlist,2026-09-03,1.0442466726280983,0.0,5
S7_watchlist,2026-09-04,1.0944072709880317,0.0,5
S7_watchlist,2026-09-08,1.1461523944633367,0.2639574526422461,4
S7_watchlist,2026-09-09,1.1535902341689257,0.5057587933352641,3
S7_watchlist,2026-09-10,1.1316154045921678,0.5057587933352641,3
S7_watchlist,2026-09-11,1.135072509925172,0.27776564495290623,4
S7_watchlist,2026-09-14,1.0952005290694906,0.05553524114607039,5
S7_watchlist,2026-09-15,1.0966594176520224,0.05553524114607039,5
S7_watchlist,2026-09-16,1.1299116580266662,0.05553524114607039,5
S7_watchlist,2026-09-17,1.1447371895026222,0.05553524114607039,5
S7_watchlist,2026-09-18,1.1789722931370987,0.05553524114607039,5
S7_watchlist,2026-09-21,1.2063446040799264,0.04627142994614744,5
S7_watchlist,2026-09-22,1.2100407402095203,0.2883176006826382,4
S7_watchlist,2026-09-23,1.1980990994103018,0.7244903432595446,2
S7_watchlist,2026-09-24,1.2151948358183848,0.7244903432595446,2
S7_watchlist,2026-09-25,1.212255923700215,0.7244903432595446,2
S7_watchlist,2026-09-28,1.2046349381388666,0.7244903432595446,2
S7_watchlist,2026-09-29,1.2041893557487526,0.7244903432595446,2
S7_watchlist,2026-09-30,1.2051383590921327,0.7244903432595446,2
S7_watchlist,2026-10-01,1.1994549890498556,0.7244903432595446,2
S7_watchlist,2026-10-02,1.2129390883392346,0.7244903432595446,2
S7_both,2026-05-01,1.0,1.0,0
S7_both,2026-05-04,1.0,1.0,0
S7_both,2026-05-05,1.0,1.0,0
S7_both,2026-05-06,1.0132795969197375,0.8,1
S7_both,2026-05-07,0.9934405802787566,0.8,1
S7_both,2026-05-08,0.9997695980839917,0.8,1
S7_both,2026-05-11,1.0308060910980552,0.8,1
S7_both,2026-05-12,1.0322666348589904,1.0322666348589904,0
S7_both,2026-05-13,1.0322666348589904,1.0322666348589904,0
S7_both,2026-05-14,1.0322666348589904,1.0322666348589904,0
S7_both,2026-05-15,1.0322666348589904,1.0322666348589904,0
S7_both,2026-05-18,1.0322666348589904,1.0322666348589904,0
S7_both,2026-05-19,1.0322666348589904,1.0322666348589904,0
S7_both,2026-05-20,1.0322666348589904,1.0322666348589904,0
S7_both,2026-05-21,1.0322666348589904,1.0322666348589904,0
S7_both,2026-05-22,1.0322666348589904,1.0322666348589904,0
S7_both,2026-05-26,1.0322666348589904,1.0322666348589904,0
S7_both,2026-05-27,1.0322666348589904,1.0322666348589904,0
S7_both,2026-05-28,1.0322666348589904,1.0322666348589904,0
S7_both,2026-05-29,1.0322666348589904,1.0322666348589904,0
S7_both,2026-06-01,1.0322666348589904,1.0322666348589904,0
S7_both,2026-06-02,1.0322666348589904,1.0322666348589904,0
S7_both,2026-06-03,1.0322666348589904,1.0322666348589904,0
S7_both,2026-06-04,1.0322666348589904,1.0322666348589904,0
S7_both,2026-06-05,1.0322666348589904,1.0322666348589904,0
S7_both,2026-06-08,1.0322666348589904,1.0322666348589904,0
S7_both,2026-06-09,1.0322666348589904,1.0322666348589904,0
S7_both,2026-06-10,1.0322666348589904,1.0322666348589904,0
S7_both,2026-06-11,1.0322666348589904,1.0322666348589904,0
S7_both,2026-06-12,1.0322666348589904,1.0322666348589904,0
S7_both,2026-06-15,1.0322666348589904,1.0322666348589904,0
S7_both,2026-06-16,1.0322666348589904,1.0322666348589904,0
S7_both,2026-06-17,1.0322666348589904,1.0322666348589904,0
S7_both,2026-06-18,1.0322666348589904,1.0322666348589904,0
S7_both,2026-06-22,1.0322666348589904,1.0322666348589904,0
S7_both,2026-06-23,1.0322666348589904,1.0322666348589904,0
S7_both,2026-06-24,1.018711337723027,0.8258133078871923,1
S7_both,2026-06-25,1.012202728817361,0.8258133078871923,1
S7_both,2026-06-26,1.0060517440307764,1.0060517440307764,0
S7_both,2026-06-29,1.0060517440307764,1.0060517440307764,0
S7_both,2026-06-30,1.0060517440307764,1.0060517440307764,0
S7_both,2026-07-01,1.0060517440307764,1.0060517440307764,0
S7_both,2026-07-02,1.0060517440307764,1.0060517440307764,0
S7_both,2026-07-06,1.0060517440307764,1.0060517440307764,0
S7_both,2026-07-07,1.0060517440307764,1.0060517440307764,0
S7_both,2026-07-08,1.0060517440307764,1.0060517440307764,0
S7_both,2026-07-09,1.0060517440307764,1.0060517440307764,0
S7_both,2026-07-10,1.0060517440307764,1.0060517440307764,0
S7_both,2026-07-13,1.0060517440307764,1.0060517440307764,0
S7_both,2026-07-14,1.0060517440307764,1.0060517440307764,0
S7_both,2026-07-15,1.0060517440307764,1.0060517440307764,0
S7_both,2026-07-16,1.0060517440307764,1.0060517440307764,0
S7_both,2026-07-17,1.0060517440307764,1.0060517440307764,0
S7_both,2026-07-20,1.0060517440307764,1.0060517440307764,0
S7_both,2026-07-21,1.0060517440307764,1.0060517440307764,0
S7_both,2026-07-22,1.0060517440307764,1.0060517440307764,0
S7_both,2026-07-23,1.0060517440307764,1.0060517440307764,0
S7_both,2026-07-24,1.0060517440307764,1.0060517440307764,0
S7_both,2026-07-27,1.0060517440307764,1.0060517440307764,0
S7_both,2026-07-28,1.0087994845980697,0.8048413952246211,1
S7_both,2026-07-29,1.0106330355368724,0.8048413952246211,1
S7_both,2026-07-30,1.0087689328764942,0.8048413952246211,1
S7_both,2026-07-31,1.0061618753122854,0.6021276825222662,2
S7_both,2026-08-03,1.0321483634912154,0.6021276825222662,2
S7_both,2026-08-04,1.0296746405088866,0.2292145365464504,4
S7_both,2026-08-05,1.0126363942349859,0.6192967524597749,2
S7_both,2026-08-06,0.9886804946235429,0.6192967524597749,2
S7_both,2026-08-07,1.0076840599318873,0.8003510480131028,1
S7_both,2026-08-10,0.9898288823469193,0.8003510480131028,1
S7_both,2026-08-11,0.9914779171333709,0.8003510480131028,1
S7_both,2026-08-12,1.017536317412613,0.8003510480131028,1
S7_both,2026-08-13,1.0054108174502119,0.8003510480131028,1
S7_both,2026-08-14,1.0160619823088373,0.8003510480131028,1
S7_both,2026-08-17,1.0260213853268993,0.8003510480131028,1
S7_both,2026-08-18,1.0121350564284364,1.0121350564284364,0
S7_both,2026-08-19,1.0121350564284364,1.0121350564284364,0
S7_both,2026-08-20,1.0121350564284364,1.0121350564284364,0
S7_both,2026-08-21,1.0041674818721997,0.8097080451427491,1
S7_both,2026-08-24,0.9959691742098591,0.8097080451427491,1
S7_both,2026-08-25,1.008918243555076,0.40865943901021595,3
S7_both,2026-08-26,1.0078521095883113,0.006505010521896448,5
S7_both,2026-08-27,1.019410924318188,0.006505010521896448,5
S7_both,2026-08-28,0.9691463040136308,0.006505010521896448,5
S7_both,2026-08-31,0.9643554433374355,0.18057856328315197,4
S7_both,2026-09-01,0.9521584503388012,0.18057856328315197,4
S7_both,2026-09-02,0.9613660399190576,0.18057856328315197,4
S7_both,2026-09-03,0.981899847401535,0.0,5
S7_both,2026-09-04,1.0290339562718525,0.0,5
S7_both,2026-09-08,1.077914314885137,0.25042988096270896,4
S7_both,2026-09-09,1.0847649668267105,0.48081991508768107,3
S7_both,2026-09-10,1.064459192930726,0.48081991508768107,3
S7_both,2026-09-11,1.0677679765776111,0.2663763163363644,4
S7_both,2026-09-14,1.044550154131278,0.05722543108043601,5
S7_both,2026-09-15,1.035147730418337,0.05722543108043601,5
S7_both,2026-09-16,1.0743272675051578,0.05722543108043601,5
S7_both,2026-09-17,1.086606142982998,0.05722543108043601,5
S7_both,2026-09-18,1.1216237743440327,0.05722543108043601,5
S7_both,2026-09-21,1.1447040623089775,0.06684450853144838,5
S7_both,2026-09-22,1.162435136753158,0.06684450853144838,5
S7_both,2026-09-23,1.1439830223390488,0.4734595429600986,3
S7_both,2026-09-24,1.1559389791333021,0.4734595429600986,3
S7_both,2026-09-25,1.1435190481434747,0.4734595429600986,3
S7_both,2026-09-28,1.124899235054035,0.4734595429600986,3
S7_both,2026-09-29,1.1283918850369055,0.6751717833197008,2
S7_both,2026-09-30,1.1292718780293036,0.6751717833197008,2
S7_both,2026-10-01,1.1238954879163001,0.6751717833197008,2
S7_both,2026-10-02,1.1366682654269626,0.6751717833197008,2
