h,base,n,dates,tickers,mean,median,win,date_mean,excess,worst,mae_mean,loss10,months,positive_months,worst_month,cost1_mean,no_best_name_mean
5,universe,483,92,46,-0.002605915071864105,-0.0102747772642322,0.4554865424430642,-0.017245375956610142,-0.006916599935104612,-0.3131365024570384,-0.08550095974124218,0.15942028985507245,5.0,3.0,-0.026342863495483006,-0.008605915071864105,-0.00428110231047506
5,allowed,225,10,36,0.02717408371573854,0.0212272770705419,0.5777777777777777,0.006487970024380179,0.0159484647171919,-0.1702672895440308,-0.07706526031113911,0.06666666666666667,4.0,3.0,-0.0227514489631282,0.02117408371573854,0.025846111185938898
5,S1,0,0,0,,,,,,,,,,,,,
5,S2,0,0,0,,,,,,,,,,,,,
5,S3,20,6,18,0.12089451434532246,0.10722329211444025,0.85,0.10527739787144129,0.07606263750085233,-0.0661333821614583,-0.08304531516582526,0.0,2.0,2.0,0.09662690652319764,0.11489451434532245,0.09996455042214414
5,S4,9,6,7,0.07732490965171296,0.0845173854114231,0.6666666666666666,0.08108877661603958,0.041267889526401556,-0.0746847585104483,-0.04965508860821269,0.0,3.0,3.0,0.004916313450487403,0.07132490965171295,0.037957556690795466
5,S5,2,2,2,-0.13785742645792545,-0.13785742645792545,0.5,-0.13785742645792545,-0.1603599667113773,-0.3172704645956881,-0.1644882506500104,0.5,2.0,1.0,-0.3172704645956881,-0.14385742645792546,-0.3172704645956881
5,S6,3,2,3,-0.028620497189160033,-0.0365938074383461,0.3333333333333333,0.0071220361220607695,-0.0309364662594097,-0.1636173201848572,-0.07403373202374723,0.3333333333333333,1.0,0.0,-0.028620497189160033,-0.034620497189160035,-0.10010556381160166
5,S7,57,18,24,0.0016991133916663837,-0.0002043483761975,0.49122807017543857,-0.0007354673293404875,-0.011402189697170237,-0.2508983103951919,-0.0750186861830916,0.14035087719298245,4.0,1.0,-0.1160718714777585,-0.004300886608333616,-0.0013090131779500969
10,universe,263,59,44,0.003981072752755519,-0.0156781659040497,0.4448669201520912,-0.028423148402391865,-0.005703842510996623,-0.3818442909056244,-0.12121708089625294,0.24334600760456274,5.0,2.0,-0.03272024095366441,-0.002018927247244481,0.001160556483577068
10,allowed,162,8,36,-0.0029045588543121724,-0.024554491972302347,0.41975308641975306,-0.01804236518502774,-0.017325395886882006,-0.3423685899442483,-0.1312854735322921,0.19753086419753085,4.0,2.0,-0.04966491999782367,-0.008904558854312173,-0.005812533586179218
10,S1,0,0,0,,,,,,,,,,,,,
10,S2,0,0,0,,,,,,,,,,,,,
10,S3,20,6,18,0.13291199798517664,0.13848843929186336,0.85,0.1265060836265124,0.07547981781385035,-0.1247547096089862,-0.08603723068066237,0.05,2.0,2.0,0.10457436971108752,0.12691199798517663,0.11533547124168174
10,S4,9,6,7,0.12146789453844481,0.0926556370834383,0.7777777777777778,0.12296961140856859,0.07624244106655306,-0.0966588818486374,-0.05126347984837052,0.0,3.0,3.0,0.015243969178355176,0.1154678945384448,0.10564744132187573
10,S5,2,2,2,-0.13275989742215336,-0.13275989742215336,0.5,-0.13275989742215336,-0.15789704181052408,-0.2686845270940672,-0.19370927090411905,0.5,2.0,1.0,-0.2686845270940672,-0.13875989742215336,-0.2686845270940672
10,S6,3,2,3,-0.06162102139118356,-0.0624817548922835,0.3333333333333333,-0.03968318864277665,-0.06619178788996544,-0.1485116188837113,-0.11533241523772747,0.3333333333333333,1.0,0.0,-0.06162102139118356,-0.06762102139118356,-0.1054966868879974
10,S7,46,17,24,0.05190602066127776,0.044535549948644546,0.6521739130434783,0.04169383323920372,0.02453142923641372,-0.2158117539206172,-0.09528881409385934,0.08695652173913043,4.0,3.0,-0.2158117539206172,0.04590602066127776,0.04290482713563387
20,universe,139,49,43,0.004746119800643991,-0.0166698079026205,0.45323741007194246,-0.06322861053158955,-0.012435215247780912,-0.3770694883399043,-0.161654875727004,0.2949640287769784,5.0,2.0,-0.12377095871003782,-0.0012538801993560089,-0.0016967340432168172
20,allowed,84,6,35,-0.006887511349254444,-0.00819765093009395,0.47619047619047616,-0.04734872506993448,-0.020618116339064227,-0.3664761672247023,-0.17772671770303944,0.2976190476190476,3.0,1.0,-0.1261765000931085,-0.012887511349254444,-0.011667715217178786
20,S1,0,0,0,,,,,,,,,,,,,
20,S2,0,0,0,,,,,,,,,,,,,
20,S3,15,5,15,0.08763277623134795,0.0545402501298082,0.8,0.10147279275747223,0.04236292968020486,-0.1150511887152407,-0.11178862363504954,0.06666666666666667,1.0,1.0,0.08763277623134795,0.08163277623134794,0.06427316794617338
20,S4,5,3,5,-0.0033975450654061155,-0.0014912575868069,0.4,-0.03228084147647509,-0.03893425307206614,-0.17669732353182,-0.07431265947097324,0.2,2.0,1.0,-0.05520379693465303,-0.009397545065406115,-0.04414852855975138
20,S5,1,1,1,-0.2926149059641851,-0.2926149059641851,0.0,-0.2926149059641851,-0.3389158476103484,-0.2926149059641851,-0.3691080613972621,1.0,1.0,0.0,-0.2926149059641851,-0.2986149059641851,
20,S6,3,2,3,-0.01096709385564406,-0.0444304086397743,0.3333333333333333,0.042484769865619235,-0.0556100871625367,-0.191311233956567,-0.11533241523772747,0.3333333333333333,1.0,0.0,-0.01096709385564406,-0.016967093855644058,-0.11787082129817064
20,S7,26,11,21,-0.0019124417648448701,-0.0073413227511379495,0.46153846153846156,-0.012368416199346465,-0.02767790603783911,-0.2495802140126242,-0.12969330307844082,0.15384615384615385,4.0,2.0,-0.2495802140126242,-0.00791244176484487,-0.009423741693177478
