base,month,n,dates,tickers,mean,median,win,date_mean,excess,worst,mae_mean,loss10,months,positive_months,worst_month,cost1_mean,no_best_name_mean
allowed,2026-06,47,2,26,-0.01787526898615216,-0.0543587776271314,0.3404255319148936,-0.015301830966208262,-0.02880030798504253,-0.3423685899442483,-0.15669044726165973,0.40425531914893614,1,0,-0.01787526898615216,-0.023875268986152158,-0.0254481916768179
allowed,2026-07,28,1,28,-0.04966491999782367,-0.054096418691482795,0.2857142857142857,-0.04966491999782367,-0.02948435794342768,-0.2911794625172975,-0.18175908749661301,0.14285714285714285,1,0,-0.04966491999782367,-0.05566491999782367,-0.05833763343667961
allowed,2026-08,55,2,30,0.057959743364545846,-0.0125616218385315,0.43636363636363634,0.07149902961735373,0.02785409606822086,-0.3010507221837197,-0.0935319471147161,0.16363636363636364,1,1,0.05795974336454584,0.05195974336454585,0.051316806800670446
allowed,2026-09,62,4,32,0.03948790809599134,0.0314172729513896,0.6129032258064516,-0.01457415428092107,0.024019024192803773,-0.1965403057179888,-0.05077923307990307,0.08064516129032258,1,1,0.039487908095991335,0.033487908095991344,0.03656910977619614
S3,2026-07,15,5,15,0.10457436971108754,0.0863324052105298,0.8,0.10822232379032604,0.0420894631341502,-0.1247547096089862,-0.10726032073943716,0.06666666666666667,1,1,0.10457436971108752,0.09857436971108753,0.08313278966454744
S3,2026-09,5,1,5,0.21792488280744413,0.1795775086056144,1.0,0.2179248828074441,0.1756508818529508,0.1599271488470008,-0.0223679605043381,0.0,1,1,0.2179248828074441,0.21192488280744412,0.1728987157335665
S4,2026-07,2,1,2,0.1606610259032795,0.1606610259032795,1.0,0.1606610259032795,0.1029245059593312,0.0926556370834383,-0.0838553659608713,0.0,1,1,0.1606610259032795,0.1546610259032795,0.0926556370834383
S4,2026-08,3,2,3,0.23697104077534117,0.2348359335672298,1.0,0.23100460411050244,0.1853263042601113,0.2131052941159863,-0.0265583044911442,0.0,1,1,0.23697104077534115,0.23097104077534117,0.22397061384160805
S4,2026-09,4,3,4,0.015243969178355176,0.03346384580599615,0.5,0.038382478109042335,-0.018911488775004676,-0.0966588818486374,-0.05349641831003987,0.0,1,1,0.015243969178355176,0.009243969178355176,-0.009910396745548366
S5,2026-08,1,1,1,-0.2686845270940672,-0.2686845270940672,0.0,-0.2686845270940672,-0.2798362961452501,-0.2686845270940672,-0.3502538025429424,1.0,1,0,-0.2686845270940672,-0.2746845270940672,
S5,2026-09,1,1,1,0.0031647322497605,0.0031647322497605,1.0,0.0031647322497605,-0.0359577874757981,0.0031647322497605,-0.0371647392652957,0.0,1,1,0.0031647322497605,-0.0028352677502395,
S6,2026-09,3,2,3,-0.06162102139118356,-0.0624817548922835,0.3333333333333333,-0.03968318864277665,-0.06619178788996544,-0.1485116188837113,-0.11533241523772747,0.3333333333333333,1,0,-0.06162102139118356,-0.06762102139118356,-0.1054966868879974
S7,2026-06,1,1,1,-0.2158117539206172,-0.2158117539206172,0.0,-0.2158117539206172,-0.2122024481910819,-0.2158117539206172,-0.2676188335460797,1.0,1,0,-0.2158117539206172,-0.2218117539206172,
S7,2026-07,9,5,9,0.0860236535036573,0.088222226211448,0.6666666666666666,0.07399406067263166,0.051004582689995255,-0.1329908032898509,-0.17886545646916088,0.1111111111111111,1,1,0.08602365350365732,0.0800236535036573,0.039273758635243364
S7,2026-08,25,6,19,0.0764655446118667,0.0585704071631203,0.64,0.04873172477941216,0.05567448529795342,-0.1171744181157721,-0.08360651184255267,0.04,1,1,0.0764655446118667,0.0704655446118667,0.05881493391886514
S7,2026-09,21,7,20,0.05566797658728223,0.0385726399022576,0.7619047619047619,0.050014356394426134,0.024580491114604336,-0.1055384380634014,-0.06320902477802652,0.047619047619047616,1,1,0.05566797658728223,0.04966797658728223,0.04455091656604703
