feature,rows,dates,tickers,first,last
adx,2887,105,48,2026-05-04,2026-10-01
atr,1593,54,40,2026-07-17,2026-10-01
cci_change,2887,105,48,2026-05-04,2026-10-01
close_location,2887,105,48,2026-05-04,2026-10-01
ctx_hyg_ief_rs20,2887,105,48,2026-05-04,2026-10-01
ctx_iwm_qqq_rs20,2887,105,48,2026-05-04,2026-10-01
ctx_qqq_return20,2887,105,48,2026-05-04,2026-10-01
ctx_qqq_return5,2887,105,48,2026-05-04,2026-10-01
ctx_rsp_spy_rs20,2887,105,48,2026-05-04,2026-10-01
ctx_smh_qqq_rs20,2887,105,48,2026-05-04,2026-10-01
ctx_tlt_return20,2887,105,48,2026-05-04,2026-10-01
ctx_vix_close,2887,105,48,2026-05-04,2026-10-01
di_spread,2887,105,48,2026-05-04,2026-10-01
earnings_days,2816,102,48,2026-05-07,2026-10-01
fund_currentRatio,2839,104,48,2026-05-05,2026-10-01
fund_debtToEquity,2783,104,48,2026-05-05,2026-10-01
fund_epsQoq,2839,104,48,2026-05-05,2026-10-01
fund_epsTtm,2839,104,48,2026-05-05,2026-10-01
fund_grossMargin,2839,104,48,2026-05-05,2026-10-01
fund_market_cap,2839,104,48,2026-05-05,2026-10-01
fund_operatingMargin,2839,104,48,2026-05-05,2026-10-01
fund_pbr,2783,104,48,2026-05-05,2026-10-01
fund_per,1751,104,34,2026-05-05,2026-10-01
fund_priceToFreeCashFlow,1565,104,32,2026-05-05,2026-10-01
fund_priceToSales,2839,104,48,2026-05-05,2026-10-01
fund_roe,2839,104,48,2026-05-05,2026-10-01
fund_ruleOf40,2839,104,48,2026-05-05,2026-10-01
fund_sales,2839,104,48,2026-05-05,2026-10-01
fund_salesQoq,2839,104,48,2026-05-05,2026-10-01
fund_salesYoyTtm,2839,104,48,2026-05-05,2026-10-01
high52_age,1593,54,40,2026-07-17,2026-10-01
high52_distance,1593,54,40,2026-07-17,2026-10-01
hist,2887,105,48,2026-05-04,2026-10-01
hist_change,2887,105,48,2026-05-04,2026-10-01
intraday_recovery,2671,98,48,2026-05-07,2026-10-01
lower_wick,2887,105,48,2026-05-04,2026-10-01
ma20dist,2887,105,48,2026-05-04,2026-10-01
observed_rsi_change5,2545,99,44,2026-05-12,2026-10-01
observed_slope_change5,2245,87,41,2026-05-29,2026-10-01
observed_squeeze_change5,2545,99,44,2026-05-12,2026-10-01
observed_vol20_change5,2545,99,44,2026-05-12,2026-10-01
obv20,1593,54,40,2026-07-17,2026-10-01
pctB,2887,105,48,2026-05-04,2026-10-01
peer_breadth20,2886,104,48,2026-05-05,2026-10-01
peer_rs20,2886,104,48,2026-05-05,2026-10-01
premium,2887,105,48,2026-05-04,2026-10-01
price_dollar_volume20,2887,105,48,2026-05-04,2026-10-01
price_return20,2887,105,48,2026-05-04,2026-10-01
price_return3,2887,105,48,2026-05-04,2026-10-01
price_rs_smh20,2887,105,48,2026-05-04,2026-10-01
rs20,1593,54,40,2026-07-17,2026-10-01
rsi,2887,105,48,2026-05-04,2026-10-01
rsi_change,2887,105,48,2026-05-04,2026-10-01
slope,2558,92,48,2026-05-21,2026-10-01
squeeze,2887,105,48,2026-05-04,2026-10-01
vol20,2887,105,48,2026-05-04,2026-10-01
width_change,2887,105,48,2026-05-04,2026-10-01
