rank,h,ids,conditions,raw_n,dates,tickers,date_net,matched_delta,mean,score,base_n,base_dates,base_tickers,base_mean,base_median,base_win,base_date_mean,base_excess,base_worst,base_mae_mean,base_loss10,base_months,base_positive_months,base_worst_month,base_cost1_mean,base_no_best_name_mean,filter_n,filter_dates,filter_tickers,filter_mean,filter_median,filter_win,filter_date_mean,filter_excess,filter_worst,filter_mae_mean,filter_loss10,filter_months,filter_positive_months,filter_worst_month,filter_cost1_mean,filter_no_best_name_mean,paired_n,paired_dates,paired_tickers,paired_mean,paired_median,paired_win,paired_date_mean,paired_excess,paired_worst,paired_mae_mean,paired_loss10,paired_months,paired_positive_months,paired_worst_month,paired_cost1_mean,paired_no_best_name_mean,paired_delta,paired_rejected_mean,raw_base,raw_selected,raw_excluded,mean_delta,matched_date_delta,reject_mean,passed_mean_raw,delta_months,positive_delta_months,monthly_delta,early_mean,late_mean,new_only_n,new_only_dates,new_only_tickers,new_only_mean,new_only_median,new_only_win,new_only_date_mean,new_only_excess,new_only_worst,new_only_mae_mean,new_only_loss10,new_only_months,new_only_positive_months,new_only_worst_month,new_only_cost1_mean,new_only_no_best_name_mean,new_vs36_n,new_vs36_dates,new_vs36_tickers,new_vs36_mean,new_vs36_median,new_vs36_win,new_vs36_date_mean,new_vs36_excess,new_vs36_worst,new_vs36_mae_mean,new_vs36_loss10,new_vs36_months,new_vs36_positive_months,new_vs36_worst_month,new_vs36_cost1_mean,new_vs36_no_best_name_mean
1,5,"(14, 23)",squeeze_gt_1.25 & premium_le_0,50,24,15,0.13743976823197082,0.08115371774670031,0.1681916241526277,0.06722495118597703,225,10,36,0.02717408371573854,0.0212272770705419,0.5777777777777777,0.006487970024380179,0.0159484647171919,-0.1702672895440308,-0.07706526031113911,0.06666666666666667,4,3,-0.0227514489631282,0.02117408371573854,0.025846111185938898,20,11,15,0.10775463123001874,0.11272257209451429,0.65,0.07750847777775678,0.08325302541355574,-0.0448579795800696,-0.06993737039226365,0.0,4,3,-0.0437698293579652,0.10175463123001874,0.09641839509871353,12,7,10,0.07219149583924889,0.047162740557807004,0.75,0.06053184011853045,0.05896089484983936,-0.0437698293579652,-0.07823746088890658,0.0,4,3,-0.0437698293579652,0.06619149583924888,0.05767407243085144,0.04501741212351035,0.024637891483428095,787,50,737,0.0805805475142802,0.05240588055905133,0.021941173730681423,0.10962121856510283,4,4,"{""2026-06"": 0.12287627512920672, ""2026-07"": 0.1087771083958576, ""2026-08"": 0.018815893808468414, ""2026-09"": 0.02640247975764904}",0.14183458542771454,0.02883965465821622,20,11,15,0.10775463123001874,0.11272257209451429,0.65,0.07750847777775678,0.08325302541355574,-0.0448579795800696,-0.06993737039226365,0.0,4,3,-0.0437698293579652,0.10175463123001874,0.09641839509871353,20,11,15,0.10775463123001874,0.11272257209451429,0.65,0.07750847777775678,0.08325302541355574,-0.0448579795800696,-0.06993737039226365,0.0,4,3,-0.0437698293579652,0.10175463123001874,0.09641839509871353
1,10,"(14, 23)",squeeze_gt_1.25 & premium_le_0,50,24,15,0.13743976823197082,0.08115371774670031,0.1681916241526277,0.06722495118597703,162,8,36,-0.0029045588543121724,-0.024554491972302347,0.41975308641975306,-0.01804236518502774,-0.017325395886882006,-0.3423685899442483,-0.1312854735322921,0.19753086419753085,4,2,-0.04966491999782367,-0.008904558854312173,-0.005812533586179218,16,10,15,0.12279424380309956,0.13539055029955271,0.875,0.10944933682273639,0.09095313240505035,-0.0685500226911089,-0.10250306032955071,0.0,4,3,-0.0685500226911089,0.11679424380309955,0.10811486931070681,7,5,7,0.06764911031592938,0.0384199632494512,0.7142857142857143,0.056718660239420036,0.056112021581298015,-0.0685500226911089,-0.11123072818597736,0.0,4,3,-0.0685500226911089,0.06164911031592938,0.047232567077151934,0.07055366917024156,-0.00609085359103276,787,50,737,0.12569880265741173,0.08115371774670031,0.044743638081345224,0.1681916241526277,4,4,"{""2026-06"": 0.12932248612461772, ""2026-07"": 0.1296326481516607, ""2026-08"": 0.055134270128360405, ""2026-09"": 0.07450248757947492}",0.14192820046973467,0.08889429030263563,16,10,15,0.12279424380309956,0.13539055029955271,0.875,0.10944933682273639,0.09095313240505035,-0.0685500226911089,-0.10250306032955071,0.0,4,3,-0.0685500226911089,0.11679424380309955,0.10811486931070681,16,10,15,0.12279424380309956,0.13539055029955271,0.875,0.10944933682273639,0.09095313240505035,-0.0685500226911089,-0.10250306032955071,0.0,4,3,-0.0685500226911089,0.11679424380309955,0.10811486931070681
1,20,"(14, 23)",squeeze_gt_1.25 & premium_le_0,50,24,15,0.13743976823197082,0.08115371774670031,0.1681916241526277,0.06722495118597703,84,6,35,-0.006887511349254444,-0.00819765093009395,0.47619047619047616,-0.04734872506993448,-0.020618116339064227,-0.3664761672247023,-0.17772671770303944,0.2976190476190476,3,1,-0.1261765000931085,-0.012887511349254444,-0.011667715217178786,14,9,14,0.09211354774171865,0.09548539042985775,0.6428571428571429,0.054890821926083126,0.05838831007995916,-0.1423866557966366,-0.12449575364950079,0.14285714285714285,3,1,-0.1039501783089877,0.08611354774171864,0.07198395678682062,4,3,4,0.023882827744069378,-0.003612127449698299,0.5,0.006268577166043436,0.0040407909820378285,-0.1039501783089877,-0.13667052050058517,0.25,3,2,-0.1039501783089877,0.01788282774406938,-0.037058144402794764,0.03077033909332382,-0.008426028303920637,538,35,503,0.09900105909097309,0.05816251825679088,0.024112577288594318,0.11959393546532121,3,2,"{""2026-06"": 0.1003285050006899, ""2026-07"": 0.08550040606615518, ""2026-08"": -0.036655535785885374}",0.10719537282254223,-0.011566465626970598,14,9,14,0.09211354774171865,0.09548539042985775,0.6428571428571429,0.054890821926083126,0.05838831007995916,-0.1423866557966366,-0.12449575364950079,0.14285714285714285,3,1,-0.1039501783089877,0.08611354774171864,0.07198395678682062,14,9,14,0.09211354774171865,0.09548539042985775,0.6428571428571429,0.054890821926083126,0.05838831007995916,-0.1423866557966366,-0.12449575364950079,0.14285714285714285,3,1,-0.1039501783089877,0.08611354774171864,0.07198395678682062
2,5,"(14, 62)",squeeze_gt_1.25 & fund_roe_gt_0,71,23,14,0.1574082733819182,0.082292286290196,0.138826113211331,0.06534935184192615,225,10,36,0.027582862314464485,0.0212272770705419,0.5777777777777777,0.015685488495714058,0.016286008426965173,-0.1702672895440308,-0.07675578086736093,0.06222222222222222,4,3,-0.0227514489631282,0.021582862314464483,0.026268015702972557,22,9,14,0.057126073912387644,0.01180142271341285,0.5909090909090909,0.0661477628068766,0.04619361635250641,-0.1124475001380788,-0.07675434568977373,0.09090909090909091,4,3,-0.02408285451942465,0.051126073912387646,0.04692131732882939,17,6,11,0.050894076069635724,0.0146305076843218,0.5882352941176471,0.049409398222598565,0.042971823115664276,-0.1116669278681052,-0.07391771070511849,0.058823529411764705,4,3,-0.02408285451942465,0.044894076069635726,0.038986962554045185,0.02331121375517124,0.025677618882551455,785,71,714,0.02954321159792316,0.044876200772437966,0.023055181654330847,0.07538730739993801,4,4,"{""2026-06"": 0.026638783262945567, ""2026-07"": 0.05313110413082632, ""2026-08"": 0.053752440842134944, ""2026-09"": 0.08097175447684159}",0.06516388196279799,0.12033993531283291,22,11,14,0.047313750682100836,0.007328993866441751,0.5909090909090909,0.05481752426459685,0.03581237453829253,-0.1124475001380788,-0.07330624326155165,0.09090909090909091,4,3,-0.002337644074793,0.04131375068210084,0.03962107229414722,20,11,12,0.04331156122213584,0.0046389994821633505,0.55,0.034254848752898526,0.03144757086703618,-0.1303164858310755,-0.08364074291359835,0.2,4,3,-0.0059553185281271,0.037311561222135844,0.03466727617823325
2,10,"(14, 62)",squeeze_gt_1.25 & fund_roe_gt_0,71,23,14,0.1574082733819182,0.082292286290196,0.138826113211331,0.06534935184192615,162,8,36,-0.002274229611826711,-0.023101326638815,0.41975308641975306,-0.005278198024697154,-0.016569084658778717,-0.3423685899442483,-0.13070835491640298,0.19135802469135801,4,2,-0.04966491999782367,-0.008274229611826712,-0.005157960911290469,18,9,14,0.053742152153465304,0.0520702851958929,0.6666666666666666,0.100702920169887,0.04010697815055792,-0.1282239993318842,-0.13037904343191875,0.1111111111111111,4,4,2.8482257035829933e-05,0.047742152153465306,0.04001649996345799,15,5,11,0.04798602972841516,0.0261053961713118,0.6666666666666666,0.07263671898131889,0.03712651413014836,-0.1282239993318842,-0.12501224930339427,0.13333333333333333,4,3,-0.0555181300407259,0.04198602972841516,0.029157041493962994,0.05026025934024187,-0.007402827503688127,785,71,714,0.056016381765292014,0.08229228629019598,0.044360949166784173,0.138826113211331,4,4,"{""2026-06"": 0.22360440454893876, ""2026-07"": 0.049557112123953195, ""2026-08"": 0.08641246066462725, ""2026-09"": 0.1613771090451887}",0.05977664922966446,0.16365412281528877,16,8,14,0.05340219168481586,0.01081861493553955,0.5625,0.11088005694219763,0.04250128316455826,-0.1282239993318842,-0.1399483333964516,0.125,4,4,0.0029652136882132997,0.04740219168481586,0.029565991535931514,14,8,12,0.05393154273355289,0.01299868297640735,0.6428571428571429,0.10604794740278244,0.0428678403986712,-0.1136707054998329,-0.146548785556284,0.07142857142857142,4,4,0.024148545286489922,0.04793154273355289,0.026468954180896884
2,20,"(14, 62)",squeeze_gt_1.25 & fund_roe_gt_0,71,23,14,0.1574082733819182,0.082292286290196,0.138826113211331,0.06534935184192615,84,6,35,-0.006887511349254444,-0.00819765093009395,0.47619047619047616,-0.04734872506993448,-0.020618116339064227,-0.3664761672247023,-0.17772671770303944,0.2976190476190476,3,1,-0.1261765000931085,-0.012887511349254444,-0.011667715217178786,15,7,13,0.11845476443990648,0.0646240609175969,0.8,0.1160816103239015,0.08847380215520688,-0.0866962198502697,-0.14578139191077602,0.0,3,3,0.021073775878497902,0.11245476443990647,0.10092936739783859,9,5,7,0.0691321524210507,-0.003882778571975,0.4444444444444444,0.04822622659384091,0.04476942860819039,-0.0866962198502697,-0.1638658932113337,0.0,3,3,0.021073775878497902,0.06313215242105069,0.022492811623251556,0.07601966377030514,-0.016009871001691062,538,63,475,0.1253422757891609,0.04480318066561953,0.021738531917990103,0.09505732470482356,3,3,"{""2026-06"": 0.18452695131114338, ""2026-07"": 0.040583374507242836, ""2026-08"": 0.019737892416840444}",0.1329734976506335,0.09901442497670228,15,7,13,0.1080644183717765,0.0646240609175969,0.7333333333333333,0.09381658303505154,0.07900682863438634,-0.0866962198502697,-0.14778687889809566,0.0,3,3,0.021073775878497902,0.10206441837177649,0.08894050654999629,13,7,11,0.12645853352586015,0.0959194371822562,0.7692307692307693,0.11099333824529777,0.09676706562288497,-0.0866962198502697,-0.1515627341089471,0.0,3,3,0.0460303303289708,0.12045853352586014,0.10720193140086237
3,5,"(2, 24)",rsi_gt_50 & premium_gt_25,146,25,17,0.15374110532562904,0.10067668133245448,0.07515435021902696,0.059416802959272444,225,10,36,0.02717408371573854,0.0212272770705419,0.5777777777777777,0.006487970024380179,0.0159484647171919,-0.1702672895440308,-0.07706526031113911,0.06666666666666667,4,3,-0.0227514489631282,0.02117408371573854,0.025846111185938898,64,13,17,0.001238396234679747,-0.0141763466426197,0.46875,0.03112629821789872,-0.01039973317779096,-0.1975802506811824,-0.10792039947891291,0.171875,4,2,-0.10882116726390788,-0.004761603765320253,-0.004232109985897339,52,7,16,0.022800014471346518,0.037168188074410954,0.5961538461538461,0.06269802422594699,0.00878692443075987,-0.1702672895440308,-0.08768575521103592,0.057692307692307696,4,3,-0.027272681979601126,0.01680001447134652,0.018714804658879772,-0.004374069244392022,0.028488832852781226,787,146,641,-0.025935687481058792,0.04832039105650547,0.025482480301682837,0.03642079516704556,4,3,"{""2026-06"": 0.004600170451679975, ""2026-07"": -0.009646174804849836, ""2026-08"": 0.002429894098303645, ""2026-09"": 0.009360218010692305}",-0.007314899453867113,0.00789095954799398,54,15,16,0.0074570714191772025,-0.0053990143245905495,0.48148148148148145,0.04557653224484814,-0.003462685287843412,-0.1702672895440308,-0.10511072990580199,0.14814814814814814,4,3,-0.10368432256919319,0.0014570714191772024,0.0016242108007087387,46,15,15,0.0182661285216713,0.00325183653533605,0.5,0.032422568599120224,0.0058849207965640925,-0.1802466224649809,-0.10164812410603109,0.17391304347826086,4,3,-0.1026413464246431,0.0122661285216713,0.0118323342796249
3,10,"(2, 24)",rsi_gt_50 & premium_gt_25,146,25,17,0.15374110532562904,0.10067668133245448,0.07515435021902696,0.059416802959272444,162,8,36,-0.0029045588543121724,-0.024554491972302347,0.41975308641975306,-0.01804236518502774,-0.017325395886882006,-0.3423685899442483,-0.1312854735322921,0.19753086419753085,4,2,-0.04966491999782367,-0.008904558854312173,-0.005812533586179218,48,8,17,0.0038782937258697568,-0.02447248123818465,0.4583333333333333,-0.0034651093092030877,-0.017714103160861822,-0.3010507221837197,-0.15843960808174917,0.2916666666666667,4,2,-0.10265680762672089,-0.0021217062741302434,-0.0027217700345237654,41,5,16,0.03188729293657522,-0.0152177858461604,0.4878048780487805,0.05111460561200086,0.01165475979778943,-0.3010507221837197,-0.14362204812024315,0.24390243902439024,3,2,-0.022994415887557153,0.02588729293657522,0.024889189076807042,0.03479185179088739,-0.014693533428083931,787,146,641,0.006782852580181929,0.10067668133245448,0.04744634530671588,0.07515435021902696,4,4,"{""2026-06"": 0.05541468250180075, ""2026-07"": 0.06237112551892543, ""2026-08"": 0.006424098668711055, ""2026-09"": 0.032031359021488376}",0.003252142346979188,0.04400182768132332,45,11,16,0.016288004000680412,0.014503409664647,0.5111111111111111,0.0349066830136159,-0.005465690176239058,-0.3010507221837197,-0.15255975592795887,0.26666666666666666,4,2,-0.06466075280822793,0.010288004000680412,0.00869895613708589,37,10,15,0.0499661741283299,0.0515487142509316,0.5945945945945946,0.08343083657060338,0.026083281754120308,-0.3010507221837197,-0.12994064387397097,0.1891891891891892,4,2,-0.071724033802809,0.0439661741283299,0.04162617590970463
3,20,"(2, 24)",rsi_gt_50 & premium_gt_25,146,25,17,0.15374110532562904,0.10067668133245448,0.07515435021902696,0.059416802959272444,84,6,35,-0.006887511349254444,-0.00819765093009395,0.47619047619047616,-0.04734872506993448,-0.020618116339064227,-0.3664761672247023,-0.17772671770303944,0.2976190476190476,3,1,-0.1261765000931085,-0.012887511349254444,-0.011667715217178786,29,8,16,-0.04729407987859923,-0.0139755500784118,0.4482758620689655,-0.08047128618043123,-0.05560689961390242,-0.3377810735666054,-0.19198806523149772,0.3793103448275862,3,1,-0.11355128678221664,-0.05329407987859923,-0.059829231666767756,19,2,14,-0.024044210138821152,-0.0139755500784118,0.42105263157894735,-0.02270911639880891,-0.0220192036608431,-0.2492692680266336,-0.14325535779535598,0.3157894736842105,2,1,-0.04807589745904137,-0.03004421013882115,-0.041127070479738174,-0.01715669878956671,-0.001872476318458027,538,82,456,-0.04040656852934479,0.05565787829300703,0.038572858794821765,-0.015546457231579748,4,4,"{""2026-06"": 0.027622619611674518, ""2026-07"": 0.00921734780616093, ""2026-08"": 0.013788200533584156, ""2026-09"": 0.004850520304911038}",-0.08496234828202831,-0.004170033632512728,27,8,15,-0.05222828864257645,-0.0164580637772351,0.4074074074074074,-0.07997735347794784,-0.05834122684187012,-0.3377810735666054,-0.1901362852161989,0.4074074074074074,3,1,-0.11355128678221664,-0.058228288642576446,-0.06642481250858952,23,7,14,0.0034000798231926858,0.0600038440692061,0.5652173913043478,-8.136323357198018e-07,-0.015335118910861608,-0.3377810735666054,-0.15333428018088216,0.2608695652173913,3,2,-0.02149911240727484,-0.0025999201768073144,-0.01264021177498456
4,5,"(23, 134)",premium_le_0 & ctx_iwm_qqq_rs20_gt_0,90,13,16,0.12667798798231258,0.06933829572295337,0.14396196438464234,0.05832086989450589,225,10,36,0.02717408371573854,0.0212272770705419,0.5777777777777777,0.006487970024380179,0.0159484647171919,-0.1702672895440308,-0.07706526031113911,0.06666666666666667,4,3,-0.0227514489631282,0.02117408371573854,0.025846111185938898,27,7,16,0.0732671058090362,0.0666243140280506,0.7037037037037037,0.08974155534668161,0.053022250718650826,-0.1492991313657048,-0.07709783759750034,0.037037037037037035,2,2,0.06894932492526394,0.06726710580903619,0.06365648996612154,19,3,10,0.040894430523855906,0.0408598602305592,0.631578947368421,0.058378763721975535,0.035051796441253,-0.1492991313657048,-0.08202888394637095,0.05263157894736842,2,2,0.03388822865497723,0.03489443052385591,0.02859610839798727,0.013720346808117366,0.025908614835378197,787,90,697,0.04609302209329766,0.04230791694177652,0.021211806431389896,0.0763008542787622,3,3,"{""2026-06"": 0.07076146995355398, ""2026-07"": 0.03662709653524468, ""2026-08"": 0.1533797720181903}",0.0732671058090362,0.2186705727015372,27,7,16,0.0732671058090362,0.0666243140280506,0.7037037037037037,0.08974155534668161,0.053022250718650826,-0.1492991313657048,-0.07709783759750034,0.037037037037037035,2,2,0.06894932492526394,0.06726710580903619,0.06365648996612154,26,7,16,0.07739253481311176,0.0707018050562932,0.6923076923076923,0.08964503970616032,0.056328567649362934,-0.1492991313657048,-0.07693725024879955,0.038461538461538464,2,2,0.07342512376101142,0.07139253481311175,0.06756251149664352
4,10,"(23, 134)",premium_le_0 & ctx_iwm_qqq_rs20_gt_0,90,13,16,0.12667798798231258,0.06933829572295337,0.14396196438464234,0.05832086989450589,162,8,36,-0.0029045588543121724,-0.024554491972302347,0.41975308641975306,-0.01804236518502774,-0.017325395886882006,-0.3423685899442483,-0.1312854735322921,0.19753086419753085,4,2,-0.04966491999782367,-0.008904558854312173,-0.005812533586179218,23,7,16,0.07898215255436325,0.0897639371644598,0.7391304347826086,0.11987072596251568,0.06232265780261012,-0.2911794625172975,-0.09215629649569443,0.043478260869565216,3,3,0.05417731453288129,0.07298215255436324,0.06698202943460746,17,3,10,0.030840978301484325,0.0345401370751596,0.6470588235294118,0.03178868251955437,0.031351018539176864,-0.2911794625172975,-0.10235873418092896,0.058823529411764705,3,1,-0.026592427660701863,0.024840978301484323,0.02072367899069742,0.0337455371557965,-0.0068609321760262415,787,90,697,0.08188671140867543,0.06933829572295334,0.04078775563696558,0.14396196438464234,3,3,"{""2026-06"": 0.06126590549967079, ""2026-07"": 0.06695296556410577, ""2026-08"": 0.168175029217068}",0.061001306723595536,0.27638455724532246,19,7,16,0.06580716705644013,0.0384199632494512,0.6842105263157895,0.11654631131643198,0.052094504121630365,-0.2911794625172975,-0.10382120324889878,0.05263157894736842,3,3,0.05417731453288129,0.05980716705644013,0.05040840627129844,19,7,16,0.06580716705644013,0.0384199632494512,0.6842105263157895,0.11654631131643198,0.052094504121630365,-0.2911794625172975,-0.10382120324889878,0.05263157894736842,3,3,0.05417731453288129,0.05980716705644013,0.05040840627129844
4,20,"(23, 134)",premium_le_0 & ctx_iwm_qqq_rs20_gt_0,90,13,16,0.12667798798231258,0.06933829572295337,0.14396196438464234,0.05832086989450589,84,6,35,-0.006887511349254444,-0.00819765093009395,0.47619047619047616,-0.04734872506993448,-0.020618116339064227,-0.3664761672247023,-0.17772671770303944,0.2976190476190476,3,1,-0.1261765000931085,-0.012887511349254444,-0.011667715217178786,17,6,16,0.11407798303881245,0.1327403920163583,0.7647058823529411,0.07284464061077456,0.07436822620799151,-0.1423866557966366,-0.12864525604422367,0.11764705882352941,2,1,-0.009820058797857398,0.10807798303881244,0.09551336246837036,9,2,9,0.14822971862982046,0.1737995492811657,0.7777777777777778,-0.021514940339634275,0.10832910556451196,-0.2397580733003618,-0.15787815059166932,0.1111111111111111,1,1,0.14822971862982048,0.14222971862982045,0.1153694444378123,0.1551172299790749,-0.025501578946743434,538,90,448,0.12096549438806689,0.05274271080919503,0.018271124183013153,0.09032167203843662,3,2,"{""2026-06"": 0.10240087579697085, ""2026-07"": 0.04437557925500195, ""2026-08"": -0.053587063009348644}",0.11407798303881245,0.035809255425500355,17,6,16,0.11407798303881245,0.1327403920163583,0.7647058823529411,0.07284464061077456,0.07436822620799151,-0.1423866557966366,-0.12864525604422367,0.11764705882352941,2,1,-0.009820058797857398,0.10807798303881244,0.09551336246837036,17,6,16,0.11407798303881245,0.1327403920163583,0.7647058823529411,0.07284464061077456,0.07436822620799151,-0.1423866557966366,-0.12864525604422367,0.11764705882352941,2,1,-0.009820058797857398,0.10807798303881244,0.09551336246837036
5,5,"(14, 102)",squeeze_gt_1.25 & width_change_gt_0,60,19,21,0.12464873250088519,0.06851787087755633,0.11628625936301956,0.05268048541776325,225,10,36,0.02717408371573854,0.0212272770705419,0.5777777777777777,0.006487970024380179,0.0159484647171919,-0.1702672895440308,-0.07706526031113911,0.06666666666666667,4,3,-0.0227514489631282,0.02117408371573854,0.025846111185938898,30,11,21,0.08186904006812924,0.03835088612899395,0.6333333333333333,0.0863156017126395,0.07099551123645971,-0.1124475001380788,-0.07627980263819081,0.06666666666666667,4,4,0.02532769868376385,0.07586904006812924,0.07533259447850918,20,5,16,0.08387778796727749,0.0567374508043017,0.75,0.08812635629210801,0.07654107908995196,-0.0750123316262808,-0.07624987409379431,0.0,4,4,0.02532769868376385,0.07787778796727748,0.07558672984349818,0.05670370425153895,0.02164201500827132,787,60,727,0.0546949563523907,0.05468757643196202,0.02304892305728448,0.08158564841869219,4,4,"{""2026-06"": 0.11690139455192865, ""2026-07"": 0.05230805526187336, ""2026-08"": 0.03982292563975508, ""2026-09"": 0.035036467940344394}",0.0910441064681298,0.05236934313139196,27,12,19,0.07366192125729072,0.0166924915344393,0.6296296296296297,0.07897231245617724,0.06302625812555111,-0.1124475001380788,-0.0733810965735923,0.07407407407407407,4,4,0.0158994467292247,0.06766192125729072,0.06757648925443187,24,12,18,0.06510317742366767,0.01566149960938055,0.625,0.06097406549993617,0.05559179988375687,-0.1303164858310755,-0.08536242854858624,0.125,4,3,-0.02707759027669945,0.05910317742366767,0.05785187412332189
5,10,"(14, 102)",squeeze_gt_1.25 & width_change_gt_0,60,19,21,0.12464873250088519,0.06851787087755633,0.11628625936301956,0.05268048541776325,162,8,36,-0.0029045588543121724,-0.024554491972302347,0.41975308641975306,-0.01804236518502774,-0.017325395886882006,-0.3423685899442483,-0.1312854735322921,0.19753086419753085,4,2,-0.04966491999782367,-0.008904558854312173,-0.005812533586179218,24,11,21,0.046057169080058635,0.02601846516773495,0.625,0.08341907476476282,0.034003942363198224,-0.1624126911466084,-0.1365786038637852,0.125,4,3,-0.08735129957865165,0.04005716908005864,0.03863836474527279,15,5,14,0.016629344030434774,-0.0019570523144429,0.4666666666666667,0.03617478267002446,0.015893946613931807,-0.1282239993318842,-0.14421386971858338,0.13333333333333333,4,3,-0.022461533248744614,0.010629344030434773,-0.004439407468158859,0.019533902884746945,-0.00489781425071492,787,60,727,0.048961727934370806,0.0685178708775563,0.047329390525174195,0.11628625936301956,4,4,"{""2026-06"": 0.04784643414347904, ""2026-07"": 0.043463527491800116, ""2026-08"": 0.09977598259179803, ""2026-09"": 0.09996576552270495}",0.0499831983878497,0.11465319270540632,22,11,19,0.06209628335895689,0.034384378148205746,0.6818181818181818,0.10074788580119733,0.047953793342114574,-0.1624126911466084,-0.12761791567324335,0.13636363636363635,4,4,0.02064993505376547,0.05609628335895689,0.04548443047518906,21,11,18,0.07322567893504289,0.0303487930469603,0.7142857142857143,0.10475642416245501,0.05708594873927915,-0.1136707054998329,-0.1278846969604859,0.047619047619047616,4,4,0.060236501141287695,0.06722567893504289,0.05633970318589099
5,20,"(14, 102)",squeeze_gt_1.25 & width_change_gt_0,60,19,21,0.12464873250088519,0.06851787087755633,0.11628625936301956,0.05268048541776325,84,6,35,-0.006887511349254444,-0.00819765093009395,0.47619047619047616,-0.04734872506993448,-0.020618116339064227,-0.3664761672247023,-0.17772671770303944,0.2976190476190476,3,1,-0.1261765000931085,-0.012887511349254444,-0.011667715217178786,22,10,20,0.09826722090937713,0.0737055133154914,0.7272727272727273,0.0975661986436525,0.06330410458463047,-0.1770158972361731,-0.14981005825326787,0.09090909090909091,4,3,-0.06555200494396263,0.09226722090937713,0.08003243360963651,7,3,7,0.06791347242353675,-0.0254512323613698,0.42857142857142855,0.033421385326950374,0.03301589262871171,-0.0866962198502697,-0.18030176512156407,0.0,2,2,0.0319328505962444,0.06191347242353675,-0.0009672412065288826,0.0748009837727912,-0.01368760078314455,538,53,485,0.10515473225863158,0.062312736236738046,0.022245038723549534,0.10425604408542756,4,4,"{""2026-06"": 0.01299627863144498, ""2026-07"": 0.05944788719377793, ""2026-08"": 0.06525748926090078, ""2026-09"": 0.15016757890832902}",0.09385505360212053,0.1471563758822481,20,10,18,0.10485808694685184,0.08935320144782105,0.7,0.08837067708104361,0.06896689336197612,-0.1770158972361731,-0.14510390810110355,0.1,4,3,-0.06555200494396263,0.09885808694685183,0.08505073603858454,19,10,17,0.09129177153324289,0.0827869657133859,0.631578947368421,0.07023671167013476,0.059564902354367864,-0.1988699455940178,-0.15432538442847907,0.10526315789473684,3,2,-0.07283668772991087,0.08529177153324288,0.06963032805153804
6,5,"(2, 99)",rsi_gt_50 & hist_le_0,53,17,22,0.14103337310653405,0.09447406167222723,0.10316758254328338,0.047594512718587785,225,10,36,0.02717408371573854,0.0212272770705419,0.5777777777777777,0.006487970024380179,0.0159484647171919,-0.1702672895440308,-0.07706526031113911,0.06666666666666667,4,3,-0.0227514489631282,0.02117408371573854,0.025846111185938898,36,14,22,0.048276896773494477,0.048529261173780605,0.5833333333333334,0.057986855071369116,0.03285286521060424,-0.2469284525790349,-0.07780166775308138,0.1111111111111111,4,3,-0.04357757097492484,0.04227689677349448,0.028698579018574963,17,4,15,0.025722210326144773,0.0425863399672044,0.6470588235294118,-0.004215682998780746,0.01780071788640281,-0.1555494080876297,-0.07191788273220895,0.058823529411764705,4,3,-0.0927483305263795,0.019722210326144775,0.014341630311111998,-0.0014518733895937663,0.02729274644469572,787,53,734,0.021102813057755937,0.05442391035277351,0.025051730727965574,0.061579917234728714,4,4,"{""2026-06"": 0.0711793396815832, ""2026-07"": 0.00557803893249462, ""2026-08"": 0.015615219323696647, ""2026-09"": 0.022406583828921363}",0.06522631331975354,0.04662479270735681,34,13,22,0.04778567426685509,0.046663122475857355,0.5588235294117647,0.05691997693434882,0.03332021774911984,-0.2469284525790349,-0.08115183378980356,0.11764705882352941,4,3,-0.04532811778407342,0.04178567426685509,0.02776502070580884,27,11,19,0.05292837065675646,-0.001633750799191,0.48148148148148145,0.046407778475060495,0.03825387737186738,-0.2469284525790349,-0.07261569498699846,0.1111111111111111,4,3,-0.04532811778407342,0.04692837065675646,0.03310530995470787
6,10,"(2, 99)",rsi_gt_50 & hist_le_0,53,17,22,0.14103337310653405,0.09447406167222723,0.10316758254328338,0.047594512718587785,162,8,36,-0.0029045588543121724,-0.024554491972302347,0.41975308641975306,-0.01804236518502774,-0.017325395886882006,-0.3423685899442483,-0.1312854735322921,0.19753086419753085,4,2,-0.04966491999782367,-0.008904558854312173,-0.005812533586179218,36,14,22,0.07537714615874613,0.059178632087348054,0.6666666666666666,0.07549848833140974,0.05193400856630514,-0.2509955239060748,-0.09561468387079203,0.16666666666666666,4,3,-0.04559210735020453,0.06937714615874613,0.058086151620636524,13,3,12,0.0914587696760503,0.0477865864261171,0.7692307692307693,0.043477838063424305,0.07279937130428246,-0.2504737515594779,-0.09149056716612398,0.15384615384615385,3,2,-0.017126903136356265,0.08545876967605029,0.06667084712068372,0.09436332853036247,-0.011137600940853861,787,53,734,0.07828170501305831,0.09447406167222723,0.04893427874494386,0.10316758254328338,4,4,"{""2026-06"": 0.15725513647073408, ""2026-07"": 0.07075030272698515, ""2026-08"": 0.011868724284549013, ""2026-09"": 0.01681062161933454}",0.11136382305973172,0.07384392043049609,34,13,22,0.07202370370426893,0.0350006711104908,0.6470588235294118,0.060304448698393395,0.049693274279227734,-0.2509955239060748,-0.10001267438502662,0.17647058823529413,4,3,-0.05903394044637516,0.06602370370426892,0.05475560918935099,27,11,19,0.07660336915761169,0.0172204217073885,0.5925925925925926,0.07237008504190436,0.058049798738882906,-0.2509955239060748,-0.0951675534719737,0.2222222222222222,4,3,-0.05903394044637516,0.07060336915761169,0.05367908602142686
6,20,"(2, 99)",rsi_gt_50 & hist_le_0,53,17,22,0.14103337310653405,0.09447406167222723,0.10316758254328338,0.047594512718587785,84,6,35,-0.006887511349254444,-0.00819765093009395,0.47619047619047616,-0.04734872506993448,-0.020618116339064227,-0.3664761672247023,-0.17772671770303944,0.2976190476190476,3,1,-0.1261765000931085,-0.012887511349254444,-0.011667715217178786,26,8,19,-0.024733535705266377,0.0005608101996173002,0.5,0.026757156144845005,-0.042079125804835825,-0.3005547756169396,-0.1573074758627704,0.34615384615384615,3,2,-0.07089301730148054,-0.03073353570526638,-0.036891338910619714,12,3,11,-0.047187760213742,-0.01608423382429875,0.4166666666666667,-0.0001833085964238109,-0.04331246435695311,-0.3005547756169396,-0.14412598925907397,0.3333333333333333,3,1,-0.08333516979379244,-0.053187760213742,-0.08085733280828514,-0.040300248864487555,-0.00017080320517318115,538,39,499,-0.017846024356011934,0.015802605423746202,0.032619945142023196,0.0009502946558875411,3,2,"{""2026-06"": 0.08476796982962824, ""2026-07"": -0.0492127776846526, ""2026-08"": 0.04363935999265296}",-0.047579898499272855,0.04071500924114096,26,8,19,-0.023253709836738277,0.0005608101996173002,0.5,0.017258695472653348,-0.040115154883132005,-0.3005547756169396,-0.1585324247431226,0.34615384615384615,3,2,-0.07089301730148054,-0.02925370983673828,-0.03528819421971427,23,8,17,0.03065963561008103,0.0646240609175969,0.6086956521739131,0.04380939636326821,0.0015248838845251863,-0.2459526014089416,-0.12276368263981859,0.21739130434782608,3,3,0.01769683414690858,0.024659635610081027,0.015520497978287879
7,5,"(14, 100)",squeeze_gt_1.25 & hist_change_gt_0,64,22,17,0.12009349708300583,0.057900560461527854,0.10476787153606937,0.04630540284413557,225,10,36,0.02717408371573854,0.0212272770705419,0.5777777777777777,0.006487970024380179,0.0159484647171919,-0.1702672895440308,-0.07706526031113911,0.06666666666666667,4,3,-0.0227514489631282,0.02117408371573854,0.025846111185938898,27,12,17,0.033986992643682205,0.0003056612218228,0.5185185185185185,0.05172077810466568,0.026829125951657238,-0.1303164858310755,-0.06929642706215206,0.07407407407407407,4,4,0.009116471835627832,0.027986992643682207,0.027017141925796045,15,5,10,0.032226007339852494,0.0003056612218228,0.5333333333333333,0.05982247654434333,0.025987752732719586,-0.1116669278681052,-0.0694766351145359,0.06666666666666667,3,3,0.013897651149275143,0.026226007339852496,0.019512370129342257,0.005051923624113955,0.026813232028301826,787,64,723,0.006812908927943666,0.04078761621924911,0.026271069834102965,0.04152691371423291,4,3,"{""2026-06"": 0.15603747709593602, ""2026-07"": -0.02267021920676824, ""2026-08"": 0.08214202121654302, ""2026-09"": 0.019179213835297283}",0.018948660405960507,0.09865669707972752,26,12,16,0.03209107706479513,-0.0009297171659862,0.5,0.049361658573098016,0.023675773921839595,-0.1303164858310755,-0.074836800196579,0.07692307692307693,4,4,0.0041721834450199466,0.026091077064795132,0.02467282293542313,25,11,15,0.035216060051611195,-0.0021650955537952,0.48,0.028980487252040252,0.026507469845259774,-0.1303164858310755,-0.0738261648510505,0.12,4,3,-0.01949449561023504,0.029216060051611197,0.025973312153132866
7,10,"(14, 100)",squeeze_gt_1.25 & hist_change_gt_0,64,22,17,0.12009349708300583,0.057900560461527854,0.10476787153606937,0.04630540284413557,162,8,36,-0.0029045588543121724,-0.024554491972302347,0.41975308641975306,-0.01804236518502774,-0.017325395886882006,-0.3423685899442483,-0.1312854735322921,0.19753086419753085,4,2,-0.04966491999782367,-0.008904558854312173,-0.005812533586179218,22,11,17,0.06052100242333814,0.02064128989488375,0.6363636363636364,0.07782986205360741,0.04441536803001601,-0.0932429578823581,-0.12633065662279166,0.0,4,3,-0.0154000605024311,0.05452100242333814,0.04383413616168371,14,4,12,0.037254782363610385,0.020265672149509,0.5714285714285714,0.030599437601843332,0.023711479132959727,-0.0932429578823581,-0.12514670729936256,0.0,4,2,-0.054921881562821906,0.03125478236361039,0.01615192985229228,0.040159341217922556,-0.006703415456007549,787,64,723,0.06342556127765031,0.057900560461527854,0.04796749473758559,0.10476787153606937,4,3,"{""2026-06"": 0.02798712056668204, ""2026-07"": -0.005226937493378145, ""2026-08"": 0.13154393030839034, ""2026-09"": 0.06524647787890434}",0.007449158844035714,0.18127473671399447,20,10,16,0.05706367827029829,0.01701019531448205,0.6,0.07395070572134885,0.03987129962903584,-0.0932429578823581,-0.12920144044280907,0.0,4,3,-0.0154000605024311,0.05106367827029829,0.03843833534146762,19,9,15,0.0628847101386422,0.0144259481277062,0.631578947368421,0.060962837031431606,0.045596609306308336,-0.0777609228604663,-0.12974130599800118,0.0,4,3,-0.0154000605024311,0.05688471013864221,0.04354801659534005
7,20,"(14, 100)",squeeze_gt_1.25 & hist_change_gt_0,64,22,17,0.12009349708300583,0.057900560461527854,0.10476787153606937,0.04630540284413557,84,6,35,-0.006887511349254444,-0.00819765093009395,0.47619047619047616,-0.04734872506993448,-0.020618116339064227,-0.3664761672247023,-0.17772671770303944,0.2976190476190476,3,1,-0.1261765000931085,-0.012887511349254444,-0.011667715217178786,19,9,16,0.10804472063181687,0.0554302086541913,0.631578947368421,0.06980209992824583,0.07120337705418163,-0.1988699455940178,-0.14881946628498546,0.10526315789473684,4,3,-0.1988699455940178,0.10204472063181687,0.06954317653247245,6,2,6,0.13706008530660926,-0.040820389417127845,0.3333333333333333,0.09258996662567498,0.09970425068345273,-0.0866962198502697,-0.21891067075794587,0.0,1,1,0.13706008530660924,0.13106008530660926,0.046764150187866504,0.1439475966558637,-0.017960403399705487,538,46,492,0.11493223198107132,0.036071762916832735,0.025876823167703535,0.07789167649867493,4,3,"{""2026-06"": -0.05014506032447297, ""2026-07"": 0.025704939532034066, ""2026-08"": 0.018592074552516852, ""2026-09"": 0.15016757890832902}",0.09333197390916463,0.13619903870890598,18,9,15,0.11985454704824056,0.05810146796345925,0.6666666666666666,0.07842136968058279,0.08325385117664694,-0.1988699455940178,-0.14580053753915348,0.05555555555555555,4,3,-0.1988699455940178,0.11385454704824055,0.08042288474474008,16,7,14,0.13055628862266205,0.061104694292032996,0.75,0.07166343917427817,0.09531755348387957,-0.1988699455940178,-0.1432471064515884,0.0625,3,2,-0.1988699455940178,0.12455628862266205,0.10002405713748465
8,5,"(40, 51)",high52_age_gt_20 & fund_salesYoyTtm_le_20,139,24,13,0.13680923050124696,0.07053885070456004,0.09475301396468218,0.04234830500999137,178,8,35,0.02692627611164356,0.0154801455853176,0.5786516853932584,0.012096342666004933,0.01724568466479622,-0.1702672895440308,-0.06781815911869944,0.05056179775280899,3,2,-0.0227514489631282,0.020926276111643563,0.02472991619102384,40,11,13,0.024408197893694375,0.0099416627636992,0.55,0.03000911781279147,0.011111283215568346,-0.1109486220437594,-0.06033090462283015,0.025,3,2,-0.011140139237334742,0.018408197893694377,0.016653578939848274,37,8,13,0.02040489225768903,0.0066141518039362,0.5405405405405406,0.012427886110139636,0.009164913015430038,-0.1109486220437594,-0.05880456987863783,0.02702702702702703,3,2,-0.01140424053565955,0.01440489225768903,0.014080274210982674,-0.006521383853954531,0.02863756123644014,692,139,553,-0.0025180782179491865,0.032196919712416026,0.024178724457565127,0.0431554445988955,3,2,"{""2026-07"": 0.03814573984069025, ""2026-08"": 0.03328631001356216, ""2026-09"": -0.006318014881890779}",0.03266298164249387,0.05415109946443256,37,14,13,0.03556773579625527,2.49799483143312e-06,0.5135135135135135,0.07302822040696967,0.020933913597667664,-0.1109486220437594,-0.060655623598185146,0.02702702702702703,3,3,0.018284880044279677,0.029567735796255275,0.028113550867295778,33,18,13,0.027505625177743718,0.0012329000294963,0.5151515151515151,0.05016736479674695,0.01391220415895475,-0.1267408138757388,-0.060836854444162244,0.06060606060606061,3,3,0.023525182996101502,0.021505625177743716,0.021537492734017744
8,10,"(40, 51)",high52_age_gt_20 & fund_salesYoyTtm_le_20,139,24,13,0.13680923050124696,0.07053885070456004,0.09475301396468218,0.04234830500999137,115,6,35,0.004101847349854125,-0.0125616218385315,0.45217391304347826,-0.0019369870441934506,-0.011570236864566548,-0.3010507221837197,-0.12008958674051547,0.10434782608695652,3,2,-0.04966491999782367,-0.0018981526501458748,0.0018093517424016825,26,9,13,0.02837412023676115,-0.0003609266430163495,0.5,0.044826638247973345,0.006250790771766176,-0.1373797143894446,-0.0953107469180188,0.038461538461538464,3,3,0.0008355515703950961,0.02237412023676115,0.0043499018712265265,24,6,13,0.026686606951576732,-0.0003609266430163495,0.5,0.012662920626146068,0.005960054507615858,-0.1373797143894446,-0.09166228272627365,0.041666666666666664,3,2,-0.04265638357782023,0.02068660695157673,0.00883142797291177,0.022584759601722605,-0.0018545727648859036,692,139,553,0.024272272886907025,0.07053885070456002,0.05543274665640257,0.09475301396468218,3,2,"{""2026-07"": 0.13134058934991763, ""2026-08"": 0.04854956311579725, ""2026-09"": -0.006025755583753636}",0.0008355515703950961,0.072018852712168,24,11,13,0.013829102932692372,-0.0021277028767089498,0.5,0.04395324235144126,-0.007663337182006226,-0.1373797143894446,-0.09700663970548688,0.041666666666666664,3,1,-0.018713369395461244,0.007829102932692372,0.003684582866148294,23,14,13,0.02960943112933707,0.014503409664647,0.5652173913043478,0.048109963426074466,0.008673819277508788,-0.1373797143894446,-0.0923613497567654,0.043478260869565216,3,2,-0.0359024970245466,0.02360943112933707,0.006703770628816626
8,20,"(40, 51)",high52_age_gt_20 & fund_salesYoyTtm_le_20,139,24,13,0.13680923050124696,0.07053885070456004,0.09475301396468218,0.04234830500999137,58,2,33,0.05120479771084256,0.03371491446156635,0.603448275862069,0.053742901674803056,0.02682996151992315,-0.2725969034174759,-0.16866576542042774,0.15517241379310345,2,1,-0.0198621132800515,0.04520479771084256,0.04473461744289594,14,5,11,0.09288167081645174,0.03673784830560585,0.6428571428571429,0.058360645816371216,0.059200312367255384,-0.1201630073077162,-0.1084192603500034,0.07142857142857142,3,2,-0.051967420053024946,0.08688167081645173,0.05475412542538473,10,2,10,0.09555743442863109,0.0666532750161703,0.6,0.1158375654838174,0.07387030481298609,-0.1201630073077162,-0.13476175996077824,0.1,2,2,0.014436910207885754,0.08955743442863108,0.04078162037622087,0.044352636717788524,0.04196466506130328,445,72,373,0.04167687310560918,0.06650379483435237,0.053969186370790935,0.11434996228312579,3,3,"{""2026-07"": 0.10182437716413555, ""2026-08"": 0.029275299771372262, ""2026-09"": 0.01222338364398412}",0.14595726470045198,0.0574530597687837,14,7,11,0.09646117548205667,0.04022477267548495,0.6428571428571429,0.076177763517395,0.06302066315303298,-0.1201630073077162,-0.10400642119384011,0.07142857142857142,3,2,-0.02148284492870482,0.09046117548205666,0.0586089766037285,13,8,11,0.1113080158080837,0.0202625639790088,0.7692307692307693,0.10506136242820846,0.07684647381374796,-0.1201630073077162,-0.10412423250267189,0.07692307692307693,3,2,-0.0015545986653177843,0.10530801580808369,0.07153870371706376
9,5,"(79, 125)",fund_pbr_le_5 & peer_rs20_le_0,48,26,7,0.11884233336950337,0.056891800935508975,0.13778561004969467,0.04232880287026014,221,10,36,0.02826893548502412,0.0212272770705419,0.579185520361991,0.01643418838054638,0.016966862657260936,-0.1702672895440308,-0.07629617446867976,0.058823529411764705,4,3,-0.0227514489631282,0.02226893548502412,0.02695195394712074,17,14,7,0.05091194808922866,0.0998036697481308,0.5294117647058824,0.04423986208327859,0.03525972560624276,-0.1156387634451532,-0.08041941962515074,0.058823529411764705,4,3,-0.0232819596708404,0.04491194808922866,0.03664363185921304,11,7,6,0.07584721159801784,0.1182522495029207,0.7272727272727273,0.05519747763585496,0.059496590389214295,-0.0753164823262111,-0.08245358243596525,0.0,3,3,0.07165359299912973,0.06984721159801784,0.06561009080377705,0.04757827611299372,0.025776740069581593,771,48,723,0.022643012604204538,0.03462951895645032,0.024600477374103896,0.08972392182619181,4,4,"{""2026-06"": 0.014709109651083713, ""2026-07"": 0.07651581590660336, ""2026-08"": 0.1419669726533237, ""2026-09"": 0.02199569266897078}",0.046322055883798535,0.11682279388274189,15,13,7,0.05412177481839864,-0.0101069890880848,0.4666666666666667,0.053074611637309206,0.040798266615358215,-0.1156387634451532,-0.07945617580550751,0.06666666666666667,4,3,-0.0232819596708404,0.04812177481839864,0.019590436614278457,14,13,7,0.06436329666230725,0.03016474941629165,0.5,0.047914664358760434,0.0473532175214597,-0.1156387634451532,-0.07551544387098476,0.07142857142857142,4,3,-0.0024428941836709,0.05836329666230725,0.024390673045435362
9,10,"(79, 125)",fund_pbr_le_5 & peer_rs20_le_0,48,26,7,0.11884233336950337,0.056891800935508975,0.13778561004969467,0.04232880287026014,158,8,36,-0.0009625404425741993,-0.02068272032115335,0.4240506329113924,-0.004037821131036446,-0.015410174618009736,-0.3423685899442483,-0.1291006200020886,0.189873417721519,4,2,-0.049128864242599754,-0.006962540442574199,-0.003870382203763881,14,12,7,0.08702766984314911,0.1082588816443983,0.8571428571428571,0.07378781499837768,0.06143168895921828,-0.2179493804625502,-0.09617932513976002,0.14285714285714285,4,4,0.06653960480808803,0.0810276698431491,0.07858089931751627,6,5,3,0.0991409859785171,0.15728612126452535,0.8333333333333334,0.07271263933414492,0.08102922577740085,-0.2179493804625502,-0.08436693736454588,0.16666666666666666,4,4,0.0356576154038459,0.0931409859785171,0.06582323282934441,0.1001035264210913,-0.004913995432880432,771,48,723,0.0879902102857233,0.05689180093550898,0.0492535804988831,0.13778561004969467,4,4,"{""2026-06"": 0.06961277735259572, ""2026-07"": 0.10422601601398533, ""2026-08"": 0.13417609424006532, ""2026-09"": 0.03881646954643202}",0.07296778245293688,0.13642404456696294,13,11,7,0.08644540225705405,0.0928342478018808,0.8461538461538461,0.07189605741074068,0.06142690154198313,-0.2179493804625502,-0.0998599787148856,0.15384615384615385,4,4,0.08153868597940202,0.08044540225705404,0.06958336789322406,12,12,7,0.08105545048894734,0.10230832403833906,0.8333333333333334,0.08105545048894734,0.06042528421303255,-0.2179493804625502,-0.09569812280209339,0.16666666666666666,4,4,0.0484469477558113,0.07505545048894734,0.0552336378052307
9,20,"(79, 125)",fund_pbr_le_5 & peer_rs20_le_0,48,26,7,0.11884233336950337,0.056891800935508975,0.13778561004969467,0.04232880287026014,82,6,35,-0.003760516556593772,-0.00590749718786775,0.4878048780487805,-0.04520501667248395,-0.01746627536412343,-0.3664761672247023,-0.17663288000512017,0.2926829268292683,3,1,-0.12357761645216839,-0.009760516556593771,-0.008542991606263256,9,8,5,0.03072181039428838,0.0667788850337303,0.5555555555555556,0.04422798275949397,0.00867112869041144,-0.3992920448494003,-0.1630434599542176,0.2222222222222222,4,3,-0.18464906063470432,0.024721810394288377,-0.01403680258831968,4,3,4,0.05952676096731287,0.03371894155573529,0.5,0.10514487079886929,0.042332020138707654,-0.1451596360605546,-0.12675625437066912,0.25,3,2,-0.07732756852735635,0.05352676096731287,-0.025907250983028002,0.06328727752390664,-0.00700601796807616,524,31,493,0.03448232695088215,0.045221048341750586,0.031170119116725414,0.09557646326910431,4,2,"{""2026-06"": -0.06843720142159324, ""2026-07"": 0.06418917630296841, ""2026-08"": 0.14488886077894242, ""2026-09"": -0.0011420096297933835}",-0.023463768548183023,0.1555753396588627,9,8,5,0.04299533598397228,0.0694372773384555,0.5555555555555556,0.058035699047888356,0.02009723358991873,-0.3992920448494003,-0.1578275427619057,0.2222222222222222,4,3,-0.18464906063470432,0.03699533598397228,0.004373485796206167,9,9,5,0.04462135235549522,0.0694372773384555,0.5555555555555556,0.04462135235549522,0.01817569172627406,-0.3992920448494003,-0.1549051975939337,0.2222222222222222,4,3,-0.1936229599215887,0.03862135235549522,0.004373485796206167
10,5,"(14, 109)",squeeze_gt_1.25 & obv20_le_0,89,22,18,0.12371433053295394,0.05143396295095206,0.1348766610367762,0.04214626568894583,178,8,35,0.02640956159078211,0.0154801455853176,0.5786516853932584,0.0005994445768375857,0.01681901424513899,-0.1702672895440308,-0.06820935504482356,0.056179775280898875,3,2,-0.0227514489631282,0.02040956159078211,0.024195176745016058,28,11,18,0.06705038861702588,0.01180142271341285,0.5714285714285714,0.06350396947027177,0.0563769531038965,-0.1124475001380788,-0.07992377960533537,0.03571428571428571,3,2,-0.029597042951314902,0.06105038861702588,0.059480922929985684,21,5,15,0.06875874653837133,0.0534656208850548,0.7142857142857143,0.04105116682169833,0.05652587648068603,-0.0750123316262808,-0.08182021445613241,0.0,3,2,-0.0412908275203968,0.06275874653837132,0.0601262892493357,0.04234918494758922,0.020745020929002655,694,89,605,0.04064082702624377,0.029820225603308822,0.021025340617414737,0.07288671676318652,3,3,"{""2026-07"": 0.05746533016927009, ""2026-08"": 0.050712160729324995, ""2026-09"": 0.019179213835297283}",0.08556950070307726,0.09762216734180519,27,12,18,0.05239803218661548,0.0089723377425039,0.5925925925925926,0.05979503549659513,0.04218173464363749,-0.1124475001380788,-0.07792610424579137,0.037037037037037035,3,2,-0.013809626075441101,0.04639803218661548,0.045617406874004604,26,12,17,0.0435297374123889,0.0046389994821633505,0.5384615384615384,0.03599478257390971,0.03280485853868131,-0.1303164858310755,-0.08525027154856858,0.07692307692307693,3,3,0.0018006804388422018,0.0375297374123889,0.03612315529630453
10,10,"(14, 109)",squeeze_gt_1.25 & obv20_le_0,89,22,18,0.12371433053295394,0.05143396295095206,0.1348766610367762,0.04214626568894583,115,6,35,0.003213905286526781,-0.0152177858461604,0.45217391304347826,-0.018955876591300897,-0.012635649203285963,-0.3010507221837197,-0.12090257122550707,0.11304347826086956,3,2,-0.04966491999782367,-0.002786094713473219,0.0008894117668823608,21,10,18,0.08097297029457817,0.0916006620748295,0.7142857142857143,0.11110122146896487,0.06372366475435524,-0.1282239993318842,-0.13639063527889309,0.047619047619047616,3,2,-0.009519055169319396,0.07497297029457817,0.06802857835761403,15,4,13,0.04555389930784839,0.0261053961713118,0.6666666666666666,0.031113445544365653,0.032092373795510956,-0.1282239993318842,-0.12610353478697986,0.06666666666666667,3,3,0.002754629600322425,0.03955389930784839,0.026551187471927157,0.0423399940213216,-0.003137093816671459,694,89,605,0.0777590650080514,0.051433962950952046,0.05235739791785583,0.1348766610367762,3,3,"{""2026-07"": 0.0619683624103739, ""2026-08"": 0.09623527255152038, ""2026-09"": 0.06524647787890434}",0.09323971026563556,0.14945991832920064,20,10,18,0.08452794028098085,0.02601846516773495,0.65,0.12751522706998966,0.06788519242916558,-0.1282239993318842,-0.1416850870388297,0.05,3,3,0.07794720027021015,0.07852794028098084,0.06734808482639665,19,10,17,0.09042781913688377,0.0216881372885096,0.7368421052631579,0.12237319935756885,0.07161791346043811,-0.0734910570998634,-0.14693815386124492,0.0,3,3,0.06576480706918643,0.08442781913688377,0.07262129831570614
10,20,"(14, 109)",squeeze_gt_1.25 & obv20_le_0,89,22,18,0.12371433053295394,0.05143396295095206,0.1348766610367762,0.04214626568894583,58,2,33,0.05120479771084256,0.03371491446156635,0.603448275862069,0.053742901674803056,0.02682996151992315,-0.2725969034174759,-0.16866576542042774,0.15517241379310345,2,1,-0.0198621132800515,0.04520479771084256,0.04473461744289594,18,8,17,0.11809385569673982,0.06514416336910439,0.7222222222222222,0.12943016970544943,0.08157615968423766,-0.1039501783089877,-0.15102727980606995,0.05555555555555555,3,2,-0.0602041210431114,0.11209385569673981,0.10380935700716382,7,2,6,0.06895743250267893,-0.0164580637772351,0.42857142857142855,0.030208966438941824,0.03706341720236082,-0.1039501783089877,-0.18894944144597775,0.14285714285714285,2,1,-0.0602041210431114,0.06295743250267892,0.003592467418411399,0.017752634791836364,0.048768161562943446,445,71,374,0.06688905798589725,0.021920788946542705,0.058213156058196255,0.09284483711161513,3,2,"{""2026-07"": 0.0339285414979735, ""2026-08"": -5.607108093074256e-05, ""2026-09"": 0.15016757890832902}",0.13093478097169156,0.09652653770042399,18,9,17,0.10837166501929663,0.06514416336910439,0.6666666666666666,0.09799379559601157,0.07307882451260532,-0.1039501783089877,-0.15414084192166724,0.05555555555555555,3,3,0.05197451623465473,0.10237166501929662,0.09287189249504024,16,8,15,0.10459133937449697,0.060182239029451697,0.625,0.086653631275919,0.07096285729137874,-0.1039501783089877,-0.15721794331308647,0.0625,2,2,0.05197451623465473,0.09859133937449696,0.08633726711180399
