candidate,h,base_n,base_dates,base_tickers,base_mean,base_median,base_win,base_date_mean,base_excess,base_worst,base_mae_mean,base_loss10,base_months,base_positive_months,base_worst_month,base_cost1_mean,base_no_best_name_mean,filter_n,filter_dates,filter_tickers,filter_mean,filter_median,filter_win,filter_date_mean,filter_excess,filter_worst,filter_mae_mean,filter_loss10,filter_months,filter_positive_months,filter_worst_month,filter_cost1_mean,filter_no_best_name_mean,paired_n,paired_dates,paired_tickers,paired_mean,paired_median,paired_win,paired_date_mean,paired_excess,paired_worst,paired_mae_mean,paired_loss10,paired_months,paired_positive_months,paired_worst_month,paired_cost1_mean,paired_no_best_name_mean,paired_delta,paired_rejected_mean,raw_base,raw_selected,raw_excluded,mean_delta,matched_date_delta,reject_mean,passed_mean_raw,delta_months,positive_delta_months,monthly_delta,early_mean,late_mean
S3_ma200_distance25,5,20,6,18,0.12089451434532246,0.10722329211444025,0.85,0.10527739787144129,0.07606263750085233,-0.0661333821614583,-0.08304531516582526,0.0,2,2,0.09662690652319764,0.11489451434532245,0.09996455042214414,16,6,15,0.1536910920346345,0.13454617961213475,0.875,0.12488647783876074,0.10279873960102213,-0.0541346865809638,-0.060800247046895545,0.0,2,2,0.13822001274744686,0.14769109203463449,0.13675174753651329,11,6,11,0.14539537199117067,0.1180726228708832,0.8181818181818182,0.14294131391082257,0.10080096059064682,-0.0541346865809638,-0.0774288077226807,0.0,2,2,0.11413311033115534,0.13939537199117066,0.11793002044708692,0.02450085764584821,0.09094902166706362,47,25,22,0.03279657768931203,0.024847475212145417,0.09039754313155228,0.15721708463247458,2,2,"{""2026-07"": 0.03306743028746685, ""2026-09"": 0.006794837752647748}",0.13822001274744686,0.20010432989619742
S3_ma200_distance25,10,20,6,18,0.13291199798517664,0.13848843929186336,0.85,0.1265060836265124,0.07547981781385035,-0.1247547096089862,-0.08603723068066237,0.05,2,2,0.10457436971108752,0.12691199798517663,0.11533547124168174,16,6,15,0.17517998478300958,0.1720993299268907,0.875,0.13320628213241215,0.11518140632707846,-0.1247547096089862,-0.06454014144044194,0.0625,2,2,0.1560985409448278,0.16917998478300958,0.15987488441103365,11,6,11,0.1654280303042992,0.164621151248167,0.8181818181818182,0.1500689630958064,0.1103105314061509,-0.1247547096089862,-0.08286865411329364,0.09090909090909091,2,2,0.12714443830815308,0.1594280303042992,0.14149518429846425,0.03251603231912256,0.0931701807062491,47,25,22,0.042267986797832946,0.0302888913446558,0.09354988302547063,0.198181427020142,2,2,"{""2026-07"": 0.05287008397336668, ""2026-09"": 0.016651852861331445}",0.1560985409448278,0.23242431629755494
S3_ma200_distance25,20,15,5,15,0.08763277623134795,0.0545402501298082,0.8,0.10147279275747223,0.04236292968020486,-0.1150511887152407,-0.11178862363504954,0.06666666666666667,1,1,0.08763277623134795,0.08163277623134794,0.06427316794617338,12,5,12,0.1170501239982572,0.06213052827070285,0.8333333333333334,0.0771628169907935,0.06851851698622874,-0.1150511887152407,-0.08619306890491356,0.08333333333333333,1,1,0.1170501239982572,0.1110501239982572,0.08999401779593587,7,5,7,0.1009937004161514,0.0574821715076754,0.7142857142857143,0.13397035118794015,0.056246480516698616,-0.1150511887152407,-0.12627672202629436,0.14285714285714285,1,1,0.1009937004161514,0.09499370041615139,0.0487147684482113,0.013360924184803447,0.07594196756964493,38,18,20,0.029417347766909255,0.012622621478560725,0.0736643977025931,0.12146691830705486,1,1,"{""2026-07"": 0.02515922137076934}",0.1170501239982572,
S3_rsi35,5,20,6,18,0.12089451434532246,0.10722329211444025,0.85,0.10527739787144129,0.07606263750085233,-0.0661333821614583,-0.08304531516582526,0.0,2,2,0.09662690652319764,0.11489451434532245,0.09996455042214414,14,5,14,0.13557139492095704,0.12010839577436899,0.9285714285714286,0.12268541268547431,0.08746976880398757,-0.0661333821614583,-0.06639195108891273,0.0,2,2,0.10675355176812745,0.12957139492095704,0.12512104359432982,8,4,8,0.10601545383640493,0.10675355176812745,0.875,0.12071326634968374,0.07231459551158495,-0.0661333821614583,-0.07448354126739527,0.0,2,2,0.10576942119249744,0.10001545383640492,0.08626099558239927,-0.014879060508917533,0.13081388801793417,47,27,20,0.014676880575634585,-0.0011955742357990695,0.11214827736095771,0.1361558339809948,2,1,"{""2026-07"": 0.028085665211487323, ""2026-09"": -0.07413704152833805}",0.14037436877976198,0.10675355176812745
S3_rsi35,10,20,6,18,0.13291199798517664,0.13848843929186336,0.85,0.1265060836265124,0.07547981781385035,-0.1247547096089862,-0.08603723068066237,0.05,2,2,0.10457436971108752,0.12691199798517663,0.11533547124168174,14,5,14,0.18269206207335215,0.14614773882783416,0.9285714285714286,0.16864599848164868,0.12168816856740694,-0.0069333496093749,-0.06639195108891273,0.0,2,2,0.1760451027408254,0.17669206207335214,0.15817595460749304,8,4,8,0.16119815564712048,0.15597590201728806,0.875,0.19544516501930032,0.10547744843944276,-0.0069333496093749,-0.07448354126739527,0.0,2,2,0.15624917328255217,0.15519815564712047,0.12640410783061642,0.02828615766194384,0.11405455954388082,47,27,20,0.04978006408817551,0.01939725867625828,0.10279909421954854,0.18357967472862707,2,1,"{""2026-07"": 0.04888726231564425, ""2026-09"": -0.0284226808588314}",0.18379988862877328,0.1760451027408254
S3_rsi35,20,15,5,15,0.08763277623134795,0.0545402501298082,0.8,0.10147279275747223,0.04236292968020486,-0.1150511887152407,-0.11178862363504954,0.06666666666666667,1,1,0.08763277623134795,0.08163277623134794,0.06427316794617338,12,4,12,0.1282282142337375,0.05545349653765535,0.9166666666666666,0.11098358890853327,0.08074443967106364,-0.0304000447591146,-0.07128105166499137,0.0,1,1,0.1282282142337375,0.1222282142337375,0.10218829805282346,6,3,6,0.08900666575687995,0.0444509944956441,0.8333333333333334,0.15276521859923597,0.04722903053321992,-0.0304000447591146,-0.08540097255405808,0.0,1,1,0.08900666575687995,0.08300666575687994,0.02387454046349756,0.001373889525531996,0.08671684988099329,38,23,15,0.04059543800238956,0.01677359499432172,0.06114492375816945,0.11923994031331771,1,1,"{""2026-07"": 0.02293224337703223}",0.1282282142337375,
S3_size100b,5,20,6,18,0.12089451434532246,0.10722329211444025,0.85,0.10527739787144129,0.07606263750085233,-0.0661333821614583,-0.08304531516582526,0.0,2,2,0.09662690652319764,0.11489451434532245,0.09996455042214414,10,6,9,0.1520552354185868,0.14140426508477266,0.8,0.1577874174861944,0.11468176579084013,-0.0661333821614583,-0.0928423054020546,0.0,2,2,0.11670526726716662,0.14605523541858678,0.11275299685975158,10,6,9,0.1520552354185868,0.14140426508477266,0.8,0.1577874174861944,0.11468176579084013,-0.0661333821614583,-0.0928423054020546,0.0,2,2,0.11670526726716662,0.14605523541858678,0.11275299685975158,0.031160721073264327,0.08973379327205819,47,22,25,0.031160721073264327,0.0649192702258411,0.0865081345097495,0.1707486228164671,2,2,"{""2026-07"": 0.03778671437025015, ""2026-09"": 0.11470401012729547}",0.11670526726716664,0.2934551080242674
S3_size100b,10,20,6,18,0.13291199798517664,0.13848843929186336,0.85,0.1265060836265124,0.07547981781385035,-0.1247547096089862,-0.08603723068066237,0.05,2,2,0.10457436971108752,0.12691199798517663,0.11533547124168174,10,6,9,0.17791094417150524,0.1818747174279609,0.8,0.16430042423665636,0.12120404748384102,-0.1247547096089862,-0.09882613643172884,0.1,2,2,0.15018779775081043,0.17191094417150524,0.1496134955452238,10,6,9,0.17791094417150524,0.1818747174279609,0.8,0.16430042423665636,0.12120404748384102,-0.1247547096089862,-0.09882613643172884,0.1,2,2,0.15018779775081043,0.17191094417150524,0.1496134955452238,0.0449989461863286,0.0879130517988481,47,22,25,0.0449989461863286,0.06034099194937987,0.09586788869872398,0.20981526748162746,2,2,"{""2026-07"": 0.06256714112851666, ""2026-09"": 0.07675123115488189}",0.15018779775081043,0.2888035298542845
S3_size100b,20,15,5,15,0.08763277623134795,0.0545402501298082,0.8,0.10147279275747223,0.04236292968020486,-0.1150511887152407,-0.11178862363504954,0.06666666666666667,1,1,0.08763277623134795,0.08163277623134794,0.06427316794617338,8,5,8,0.1053955955658994,0.0601018533006828,0.75,0.1366951249801485,0.06230932203326568,-0.1150511887152407,-0.1305132147587416,0.125,1,1,0.1053955955658994,0.0993955955658994,0.061213924614771896,8,5,8,0.1053955955658994,0.0601018533006828,0.75,0.1366951249801485,0.06230932203326568,-0.1150511887152407,-0.1305132147587416,0.125,1,1,0.1053955955658994,0.0993955955658994,0.061213924614771896,0.017762819334551455,0.06733241127757485,38,19,19,0.017762819334551455,0.025760689055614627,0.07316953007058663,0.11944586380198441,1,1,"{""2026-07"": 0.02313816686569889}",0.1053955955658994,
S3_intraday_positive,5,20,6,18,0.12089451434532246,0.10722329211444025,0.85,0.10527739787144129,0.07606263750085233,-0.0661333821614583,-0.08304531516582526,0.0,2,2,0.09662690652319764,0.11489451434532245,0.09996455042214414,14,4,13,0.17308027247426655,0.17346304475599744,0.9285714285714286,0.15795903530198374,0.10872105743934782,-0.0541346865809638,-0.049050635885860894,0.0,2,2,0.16427454866858776,0.16708027247426654,0.14581778489474628,5,3,5,0.09394383923140065,0.0703470824364418,0.8,0.09444923846932941,0.031885074347241985,-0.0541346865809638,-0.06450151607552107,0.0,1,1,0.09394383923140066,0.08794383923140064,0.056355633635639675,-0.02695067511392181,0.12987807271662977,47,25,22,0.05218575812894409,0.02764705151433936,0.1357582250287094,0.11729968456297626,2,1,"{""2026-07"": -0.0036920226577665943, ""2026-09"": 0.11077039274317768}",0.16427454866858776,0.2875546819480907
S3_intraday_positive,10,20,6,18,0.13291199798517664,0.13848843929186336,0.85,0.1265060836265124,0.07547981781385035,-0.1247547096089862,-0.08603723068066237,0.05,2,2,0.10457436971108752,0.12691199798517663,0.11533547124168174,14,4,13,0.16689093509850883,0.16100085240187129,0.9285714285714286,0.1578682548548967,0.10398403535291574,-0.1247547096089862,-0.053324800907056776,0.07142857142857142,2,2,0.15884664422598663,0.16089093509850882,0.14115935632689253,5,3,5,0.08024760286607885,0.0387909321853123,0.8,0.10680461953752439,0.016054326407326364,-0.1247547096089862,-0.07646917813486956,0.2,1,1,0.08024760286607886,0.07424760286607884,-0.0008796190080636278,-0.05266439511909779,0.1504667963582093,47,25,22,0.03397893711333219,0.02166376534530965,0.15097937904574146,0.1476434705223036,2,2,"{""2026-07"": 0.006795409293005872, ""2026-09"": 0.06519335554622399}",0.15884664422598663,0.2714667164412976
S3_intraday_positive,20,15,5,15,0.08763277623134795,0.0545402501298082,0.8,0.10147279275747223,0.04236292968020486,-0.1150511887152407,-0.11178862363504954,0.06666666666666667,1,1,0.08763277623134795,0.08163277623134794,0.06427316794617338,13,3,13,0.12000419530383823,0.0821128362398364,0.9230769230769231,0.09555465191167194,0.06817485138552153,-0.1150511887152407,-0.06242015287879039,0.07692307692307693,1,1,0.12000419530383823,0.11400419530383822,0.09544893722717541,5,3,5,0.10208414655132983,0.0545402501298082,0.8,0.12329477108597238,0.051578601182477604,-0.1150511887152407,-0.09005408682170672,0.2,1,1,0.10208414655132983,0.09608414655132982,0.0239383601332143,0.01445137031998188,0.08040709107135699,38,24,14,0.032371419072490276,-0.014865101284868116,0.10840062886723012,0.0892534866432345,1,0,"{""2026-07"": -0.007054210293051019}",0.12000419530383823,
S4_debt1,5,9,6,7,0.07732490965171296,0.0845173854114231,0.6666666666666666,0.08108877661603958,0.041267889526401556,-0.0746847585104483,-0.04965508860821269,0.0,3,3,0.004916313450487403,0.07132490965171295,0.037957556690795466,6,6,4,0.10110313566378983,0.10271230634585354,0.8333333333333334,0.10110313566378983,0.06601855316484379,-0.0587441818767218,-0.0362021444745749,0.0,3,3,0.0628932858374771,0.09510313566378982,0.04409938098822265,6,6,4,0.10110313566378983,0.10271230634585354,0.8333333333333334,0.10110313566378983,0.06601855316484379,-0.0587441818767218,-0.0362021444745749,0.0,3,3,0.0628932858374771,0.09510313566378982,0.04409938098822265,0.023778226012076867,0.029768457627559235,9,6,3,0.023778226012076867,0.020014359047750226,0.029768457627559235,0.10110313566378981,3,2,"{""2026-07"": 0.0796010719609357, ""2026-08"": -0.009997223334147681, ""2026-09"": 0.023901402494059074}",0.0845173854114231,0.10442028571426316
S4_debt1,10,9,6,7,0.12146789453844481,0.0926556370834383,0.7777777777777778,0.12296961140856859,0.07624244106655306,-0.0966588818486374,-0.05126347984837052,0.0,3,3,0.015243969178355176,0.1154678945384448,0.10564744132187573,6,6,4,0.14372972700732875,0.15190618053302607,0.8333333333333334,0.14372972700732875,0.10124985289095718,-0.0116842333787752,-0.0362021444745749,0.0,3,3,0.05254491952068604,0.13772972700732874,0.12717485011277482,6,6,4,0.14372972700732875,0.15190618053302607,0.8333333333333334,0.14372972700732875,0.10124985289095718,-0.0116842333787752,-0.0362021444745749,0.0,3,3,0.05254491952068604,0.13772972700732874,0.12717485011277482,0.02226183246888394,0.07694422960067689,9,6,3,0.02226183246888394,0.02076011559876018,0.07694422960067689,0.14372972700732875,3,3,"{""2026-07"": 0.0680053888198412, ""2026-08"": 0.0010675536040556932, ""2026-09"": 0.03730095034233086}",0.2286664147231207,0.12674238946417035
S4_debt1,20,5,3,5,-0.0033975450654061155,-0.0014912575868069,0.4,-0.03228084147647509,-0.03893425307206614,-0.17669732353182,-0.07431265947097324,0.2,2,1,-0.05520379693465303,-0.009397545065406115,-0.04414852855975138,3,3,3,-0.0015045814350590954,0.0125771903146678,0.6666666666666666,-0.0015045814350590954,-0.03314253817205206,-0.17669732353182,-0.0739908744524556,0.3333333333333333,2,1,-0.0820600666085761,-0.007504581435059095,-0.0820600666085761,3,3,3,-0.0015045814350590954,0.0125771903146678,0.6666666666666666,-0.0015045814350590954,-0.03314253817205206,-0.17669732353182,-0.0739908744524556,0.3333333333333333,2,1,-0.0820600666085761,-0.007504581435059095,-0.0820600666085761,0.0018929636303470201,-0.0062369905109266495,5,3,2,0.0018929636303470201,0.030776260041416,-0.0062369905109266495,-0.0015045814350590977,2,1,"{""2026-07"": 0.08529455617351064, ""2026-08"": -0.026856269673923065}",0.1596063889119749,-0.0820600666085761
S4_eps_growth,5,9,6,7,0.07732490965171296,0.0845173854114231,0.6666666666666666,0.08108877661603958,0.041267889526401556,-0.0746847585104483,-0.04965508860821269,0.0,3,3,0.004916313450487403,0.07132490965171295,0.037957556690795466,5,5,4,0.09714231734049099,0.0845173854114231,0.8,0.09714231734049099,0.059604690634902945,-0.0587441818767218,-0.04047448793989724,0.0,3,3,0.033886315116073644,0.09114231734049098,0.018496765557535533,5,5,4,0.09714231734049099,0.0845173854114231,0.8,0.09714231734049099,0.059604690634902945,-0.0587441818767218,-0.04047448793989724,0.0,3,3,0.033886315116073644,0.09114231734049098,0.018496765557535533,0.01981740768877803,0.052553150040740425,9,5,4,0.01981740768877803,0.024017230857300273,0.052553150040740425,0.09714231734049099,3,1,"{""2026-07"": 0.0796010719609357, ""2026-08"": -0.009997223334147681, ""2026-09"": -0.005105568227344377}",0.0845173854114231,0.10029855032275795
S4_eps_growth,10,9,6,7,0.12146789453844481,0.0926556370834383,0.7777777777777778,0.12296961140856859,0.07624244106655306,-0.0966588818486374,-0.05126347984837052,0.0,3,3,0.015243969178355176,0.1154678945384448,0.10564744132187573,5,5,4,0.156753287410641,0.2131052941159863,0.8,0.156753287410641,0.11173713073353628,-0.0116842333787752,-0.04047448793989724,0.0,3,3,0.039511416785645306,0.150753287410641,0.13877500558252107,5,5,4,0.156753287410641,0.2131052941159863,0.8,0.156753287410641,0.11173713073353628,-0.0116842333787752,-0.04047448793989724,0.0,3,3,0.039511416785645306,0.150753287410641,0.13877500558252107,0.0352853928721962,0.07736115344819955,9,5,4,0.0352853928721962,0.024912138718512215,0.07736115344819955,0.15675328741064098,3,3,"{""2026-07"": 0.0680053888198412, ""2026-08"": 0.0010675536040556932, ""2026-09"": 0.02426744760729013}",0.2286664147231207,0.13877500558252107
S4_eps_growth,20,5,3,5,-0.0033975450654061155,-0.0014912575868069,0.4,-0.03228084147647509,-0.03893425307206614,-0.17669732353182,-0.07431265947097324,0.2,2,1,-0.05520379693465303,-0.009397545065406115,-0.04414852855975138,3,3,3,-0.0015045814350590954,0.0125771903146678,0.6666666666666666,-0.0015045814350590954,-0.03314253817205206,-0.17669732353182,-0.0739908744524556,0.3333333333333333,2,1,-0.0820600666085761,-0.007504581435059095,-0.0820600666085761,3,3,3,-0.0015045814350590954,0.0125771903146678,0.6666666666666666,-0.0015045814350590954,-0.03314253817205206,-0.17669732353182,-0.0739908744524556,0.3333333333333333,2,1,-0.0820600666085761,-0.007504581435059095,-0.0820600666085761,0.0018929636303470201,-0.0062369905109266495,5,3,2,0.0018929636303470201,0.030776260041416,-0.0062369905109266495,-0.0015045814350590977,2,1,"{""2026-07"": 0.08529455617351064, ""2026-08"": -0.026856269673923065}",0.1596063889119749,-0.0820600666085761
S7_obv_positive,5,56,17,24,0.003802166692906113,-8.877649400771529e-05,0.5,0.0060490270323311605,-0.009551047260068115,-0.2508983103951919,-0.07319702607838993,0.125,3,1,-0.04134034102773053,-0.002197833307093887,0.0008162249387130187,18,13,12,-0.025756014291960186,-0.0175813144299483,0.4444444444444444,-0.011899624024916657,-0.0400966261653079,-0.1975802506811824,-0.09363252857484415,0.2222222222222222,3,1,-0.06519582448373984,-0.031756014291960184,-0.037875734312204826,14,11,10,-0.011178427735393095,0.004040687583038,0.5,-0.004724075996096166,-0.024178287079550494,-0.1900784393510007,-0.08889244327077152,0.21428571428571427,3,1,-0.04612424184064636,-0.017178427735393097,-0.02590593956520785,-0.014980594428299208,0.008795698169005849,73,20,53,-0.0295581809848663,0.00926964376876217,0.0026481920517409186,-0.019649113878661414,3,1,"{""2026-07"": 0.030338717343830764, ""2026-08"": -0.014075723133499841, ""2026-09"": -0.030781148719651742}",-0.0048996066494009505,-0.02122440797862186
S7_obv_positive,10,45,16,24,0.057855304540875424,0.0475859609111621,0.6666666666666666,0.05778793243669253,0.029792182068135848,-0.1329908032898509,-0.09145925810603221,0.06666666666666667,3,3,0.04568269551279939,0.051855304540875426,0.04892149181136064,17,13,12,0.06896106435895576,0.070570677748579,0.7058823529411765,0.07007936699532899,0.042112027423984226,-0.1312727345201811,-0.10552086695538954,0.058823529411764705,3,3,0.01391354249684923,0.06296106435895575,0.04451970510320493,11,10,9,0.09230030873654571,0.0755092436433568,0.8181818181818182,0.09107334215425748,0.06482998611963642,-0.0610318936574704,-0.0986848498585688,0.0,3,3,0.048915841362329814,0.0863003087365457,0.0555280583651034,0.03444500419567029,0.04671133259521737,73,20,53,0.011105759818080332,0.03310532121861466,0.046690190788087206,0.09908169994143924,3,2,"{""2026-07"": 0.23789045737549425, ""2026-08"": 0.02888167232080585, ""2026-09"": -0.006334649769505811}",0.27412251933120846,0.07026082854273345
S7_obv_positive,20,25,10,21,0.011803518427626282,-0.0038703148091516,0.48,0.010911748271640858,-0.017565886503476406,-0.1412262996478672,-0.12285129091818012,0.08,3,1,-0.007464768834936995,0.005803518427626282,0.0045507460102994475,9,6,9,0.03203160921669079,0.0692148350474299,0.6666666666666666,0.04550100052181414,0.00032885582074029807,-0.2385679012345679,-0.1407797389449931,0.1111111111111111,2,2,0.006951045888026499,0.026031609216690794,0.012801803313343355,4,4,4,0.0672467458167383,0.0696532366481844,0.75,0.0672467458167383,0.03472987178452468,-0.0561895464728859,-0.1209965548517459,0.0,2,2,0.006951045888026499,0.0612467458167383,0.0277056422744943,0.05544322738911202,0.0012429036868430432,46,11,35,0.020228090789064512,0.004731867258563648,-0.003491357074539296,0.012276153574266833,2,2,"{""2026-07"": 0.04154625340348703, ""2026-08"": 0.01464379705016583}",0.006951045888026499,0.011150343368079713
S7_high52_drawdown30,5,56,17,24,0.003802166692906113,-8.877649400771529e-05,0.5,0.0060490270323311605,-0.009551047260068115,-0.2508983103951919,-0.07319702607838993,0.125,3,1,-0.04134034102773053,-0.002197833307093887,0.0008162249387130187,32,13,16,0.02740065086775019,0.013121659586180934,0.53125,0.014826305317937374,0.010946760217653957,-0.1103107035681214,-0.06194492821513901,0.0625,3,2,-0.02153488491055547,0.02140065086775019,0.022506102892427337,31,13,15,0.03018834141319433,0.0262165237841798,0.5483870967741935,0.016199086251870852,0.014254232826536612,-0.1103107035681214,-0.059980227110928104,0.06451612903225806,3,2,-0.02153488491055547,0.024188341413194328,0.02531727044185649,0.026386174720288216,-0.028916689960251266,73,42,31,0.023598484174844076,0.008538286461488789,-0.023883828289394716,0.01161358519381611,3,2,"{""2026-07"": 0.030549345969848426, ""2026-08"": -0.0003409293457861534, ""2026-09"": 0.014158762190807354}",0.009498308078112151,0.020801975770998894
S7_high52_drawdown30,10,45,16,24,0.057855304540875424,0.0475859609111621,0.6666666666666666,0.05778793243669253,0.029792182068135848,-0.1329908032898509,-0.09145925810603221,0.06666666666666667,3,3,0.04568269551279939,0.051855304540875426,0.04892149181136064,28,13,16,0.09420651357622802,0.0857453906859062,0.7857142857142857,0.08355937865585078,0.06265332484245677,-0.1055384380634014,-0.08379560788811276,0.03571428571428571,3,3,0.06715841223189777,0.08820651357622801,0.08222760860321149,26,13,15,0.08841247846827484,0.0857453906859062,0.7692307692307693,0.08253551111000515,0.057831870055989734,-0.1055384380634014,-0.08354770478235712,0.038461538461538464,3,3,0.06715841223189777,0.08241247846827483,0.07495249515517748,0.030557173927399414,0.01604022442969727,73,42,31,0.03635120903535259,0.02143403273533851,0.030666856423340424,0.083465275273187,3,3,"{""2026-07"": 0.05963132806791441, ""2026-08"": 0.03194418107354373, ""2026-09"": 0.0034138247895266136}",0.16762712720394102,0.08571230817518742
S7_high52_drawdown30,20,25,10,21,0.011803518427626282,-0.0038703148091516,0.48,0.010911748271640858,-0.017565886503476406,-0.1412262996478672,-0.12285129091818012,0.08,3,1,-0.007464768834936995,0.005803518427626282,0.0045507460102994475,15,5,13,-0.0026253244856301967,-0.0444304086397743,0.4,-0.017172650095575386,-0.0323724570996102,-0.1514207790368855,-0.1255299860893343,0.2,3,2,-0.08584549308597443,-0.008625324485630196,-0.01647936056944702,13,5,11,0.0022095481396984438,-0.0444304086397743,0.38461538461538464,-0.015416520241610315,-0.02795675447750997,-0.1412262996478672,-0.12046179391618275,0.15384615384615385,3,1,-0.0727304358957922,-0.0037904518603015564,-0.013284335845661686,-0.009593970287927838,0.022196986239548105,46,25,21,-0.014428842913256478,0.01714615858517233,-0.017440889173065917,0.015163954573697753,3,3,"{""2026-07"": 0.008382058855872988, ""2026-08"": 0.01487348696035926, ""2026-09"": 0.026555316117457373}",0.01308964134753643,-0.01820408249004803
S7_volume_ratio_falling5,5,54,17,23,0.00452160919488727,0.004920252535967035,0.5185185185185185,0.006425876643165539,-0.00902168161873961,-0.2508983103951919,-0.07314774865893471,0.12962962962962962,3,1,-0.04134034102773053,-0.0014783908051127304,0.0014484943925321776,21,9,17,-0.01646569172248054,-0.0588560933121027,0.47619047619047616,0.021321925133220548,-0.02261509422007924,-0.1900784393510007,-0.10756334706600572,0.23809523809523808,3,1,-0.14211216774369603,-0.022465691722480544,-0.026060037169154875,17,9,14,-0.015059707752444543,-0.0588560933121027,0.47058823529411764,0.019581260082993976,-0.020073219357378737,-0.1900784393510007,-0.1056311841236126,0.23529411764705882,3,1,-0.1548162300803109,-0.02105970775244454,-0.026964765562660205,-0.01958131694733181,0.013518430495012695,71,22,49,-0.02098730091736781,0.03355219391576894,0.0009974012110312432,-0.012284327111378206,3,2,"{""2026-07"": -0.10687384375046433, ""2026-08"": 0.02396347053886557, ""2026-09"": 0.02408177405317164}",-0.14211216774369603,0.01309818498839369
S7_volume_ratio_falling5,10,43,16,23,0.06520798266857152,0.0585704071631203,0.6976744186046512,0.05947251686357508,0.03599827280253349,-0.1329908032898509,-0.08940096777168803,0.046511627906976744,3,3,0.055943739087560486,0.05920798266857152,0.05619704142189487,21,9,17,0.10230921503770213,0.1001078263479433,0.7619047619047619,0.10607751147133603,0.07615313188848286,-0.1329908032898509,-0.10789869032353534,0.09523809523809523,3,2,-0.0416792644281194,0.09630921503770212,0.0814897625368367,15,8,13,0.06395476435465214,0.088222226211448,0.7333333333333333,0.07276497766356997,0.0385291982227758,-0.1329908032898509,-0.11456223764552824,0.06666666666666667,3,2,-0.01753870809561557,0.05795476435465214,0.05075200397217091,-0.001253218313919377,0.06587934962245691,71,22,49,0.03710123236913061,0.040441643092797894,0.04905078489634669,0.10241728186752729,3,2,"{""2026-07"": -0.07791132638383363, ""2026-08"": 0.027251861621020654, ""2026-09"": 0.09415690279451057}",-0.0416792644281194,0.13618885726495425
S7_volume_ratio_falling5,20,23,10,19,0.018423419361093568,0.0056789018823466,0.5217391304347826,0.01669292872627452,-0.012743625317483099,-0.1412262996478672,-0.11999986575748627,0.08695652173913043,3,2,-0.00018641397146107772,0.012423419361093568,0.0108122085846219,16,6,14,0.022399086960905354,0.014035633197302,0.5625,0.06651064714445079,-0.003443359789470516,-0.1851796442295264,-0.14123984314717825,0.125,3,2,-0.05689320201159227,0.016399086960905356,0.011501022328734352,10,6,8,0.044178191700632544,0.014035633197302,0.6,0.06862363716858537,0.014945435894430068,-0.0886367030426719,-0.13029910244012813,0.0,3,2,-0.018126986466563633,0.038178191700632545,0.028434651173650564,0.025754772339538975,-0.0013879439770133303,44,16,28,0.003975667599811786,0.024649976022627935,-0.007746232680426108,0.022399086960905354,3,2,"{""2026-07"": -0.02229799449613175, ""2026-08"": 0.025448426839222944, ""2026-09"": 0.15765875822976258}",-0.05689320201159227,0.04882984995173789
S7_quality,5,55,17,23,0.0031372141774719375,2.679538818206942e-05,0.509090909090909,0.0009032691167819532,-0.01031265168578564,-0.2508983103951919,-0.07595796813769921,0.14545454545454545,4,1,-0.1160718714777585,-0.0028627858225280627,6.984135186259251e-05,32,16,14,0.008144391891743331,0.004920252535967035,0.53125,0.004241374246898345,-0.0038017362965053043,-0.1900784393510007,-0.06697673994629595,0.09375,4,1,-0.1160718714777585,0.002144391891743331,0.004381817430580387,32,16,14,0.008144391891743331,0.004920252535967035,0.53125,0.004241374246898345,-0.0038017362965053043,-0.1900784393510007,-0.06697673994629595,0.09375,4,1,-0.1160718714777585,0.002144391891743331,0.004381817430580387,0.005007177714271394,-0.0038292939467317356,70,39,31,0.005007177714271394,0.005951863577136029,-0.009587889001833983,0.006598477271400483,4,2,"{""2026-06"": 0.0, ""2026-07"": 0.016749876949624272, ""2026-08"": 0.01730387868973609, ""2026-09"": -0.004386741446776532}",-0.051845585059302014,0.015807759772696148
S7_quality,10,44,16,23,0.0574330795138795,0.0530781840371412,0.6818181818181818,0.04982917911990603,0.02905228811124523,-0.2158117539206172,-0.09128012491982423,0.09090909090909091,4,3,-0.2158117539206172,0.0514330795138795,0.048266451003805035,25,15,14,0.037949017988311094,0.041485138986127,0.6,0.04028271574729389,0.010601788914239685,-0.2158117539206172,-0.08737391970524118,0.08,4,2,-0.2158117539206172,0.031949017988311096,0.02916383499993284,25,15,14,0.037949017988311094,0.041485138986127,0.6,0.04028271574729389,0.010601788914239685,-0.2158117539206172,-0.08737391970524118,0.08,4,2,-0.2158117539206172,0.031949017988311096,0.02916383499993284,-0.019484061525568405,0.08307000257383793,70,39,31,-0.019484061525568405,-0.003843511365002011,0.08996137041344461,0.04691882218170626,4,1,"{""2026-06"": 0.0, ""2026-07"": -0.00883431697820769, ""2026-08"": -0.06643682051617598, ""2026-09"": 0.01861769628199872}",0.024975418230571814,0.053923685147861854
S7_quality,20,25,10,20,0.0011726607477642367,-0.0038703148091516,0.48,-0.005701257361273857,-0.023976502004694387,-0.2495802140126242,-0.12640844275455687,0.16,4,2,-0.2495802140126242,-0.0048273392522357635,-0.006523064072890185,16,9,13,0.0017894795002583175,0.0092610248515529,0.5,0.0051354720925559484,-0.022081899847752023,-0.2495802140126242,-0.11997886643533334,0.125,4,2,-0.2495802140126242,-0.004210520499741683,-0.010482558962622485,15,9,12,-0.0002200785728074255,-0.0038703148091516,0.4666666666666667,0.0032645751306025167,-0.025103113355008307,-0.2495802140126242,-0.11950891502255982,0.13333333333333333,4,2,-0.2495802140126242,-0.006220078572807426,-0.01351223107397012,-0.0013927393205716621,0.003261769728621719,43,24,19,0.0006168187524940808,-0.009190268670198383,0.011184116116065722,0.005151164708097153,4,1,"{""2026-06"": 0.0, ""2026-07"": 0.03697269823110462, ""2026-08"": -0.01055743460171199, ""2026-09"": -0.039414689557440666}",-0.013624506559652808,0.01044274436386653
N_expanded_below200,5,225,10,36,0.02717408371573854,0.0212272770705419,0.5777777777777777,0.006487970024380179,0.0159484647171919,-0.1702672895440308,-0.07706526031113911,0.06666666666666667,4,3,-0.0227514489631282,0.02117408371573854,0.025846111185938898,20,11,15,0.10775463123001874,0.11272257209451429,0.65,0.07750847777775678,0.08325302541355574,-0.0448579795800696,-0.06993737039226365,0.0,4,3,-0.0437698293579652,0.10175463123001874,0.09641839509871353,12,7,10,0.07219149583924889,0.047162740557807004,0.75,0.06053184011853045,0.05896089484983936,-0.0437698293579652,-0.07823746088890658,0.0,4,3,-0.0437698293579652,0.06619149583924888,0.05767407243085144,0.04501741212351035,0.024637891483428095,787,50,737,0.0805805475142802,0.05240588055905133,0.021941173730681423,0.10962121856510283,4,4,"{""2026-06"": 0.12287627512920672, ""2026-07"": 0.1087771083958576, ""2026-08"": 0.018815893808468414, ""2026-09"": 0.02640247975764904}",0.14183458542771454,0.02883965465821622
N_expanded_below200,10,162,8,36,-0.0029045588543121724,-0.024554491972302347,0.41975308641975306,-0.01804236518502774,-0.017325395886882006,-0.3423685899442483,-0.1312854735322921,0.19753086419753085,4,2,-0.04966491999782367,-0.008904558854312173,-0.005812533586179218,16,10,15,0.12279424380309956,0.13539055029955271,0.875,0.10944933682273639,0.09095313240505035,-0.0685500226911089,-0.10250306032955071,0.0,4,3,-0.0685500226911089,0.11679424380309955,0.10811486931070681,7,5,7,0.06764911031592938,0.0384199632494512,0.7142857142857143,0.056718660239420036,0.056112021581298015,-0.0685500226911089,-0.11123072818597736,0.0,4,3,-0.0685500226911089,0.06164911031592938,0.047232567077151934,0.07055366917024156,-0.00609085359103276,787,50,737,0.12569880265741173,0.08115371774670031,0.044743638081345224,0.1681916241526277,4,4,"{""2026-06"": 0.12932248612461772, ""2026-07"": 0.1296326481516607, ""2026-08"": 0.055134270128360405, ""2026-09"": 0.07450248757947492}",0.14192820046973467,0.08889429030263563
N_expanded_below200,20,84,6,35,-0.006887511349254444,-0.00819765093009395,0.47619047619047616,-0.04734872506993448,-0.020618116339064227,-0.3664761672247023,-0.17772671770303944,0.2976190476190476,3,1,-0.1261765000931085,-0.012887511349254444,-0.011667715217178786,14,9,14,0.09211354774171865,0.09548539042985775,0.6428571428571429,0.054890821926083126,0.05838831007995916,-0.1423866557966366,-0.12449575364950079,0.14285714285714285,3,1,-0.1039501783089877,0.08611354774171864,0.07198395678682062,4,3,4,0.023882827744069378,-0.003612127449698299,0.5,0.006268577166043436,0.0040407909820378285,-0.1039501783089877,-0.13667052050058517,0.25,3,2,-0.1039501783089877,0.01788282774406938,-0.037058144402794764,0.03077033909332382,-0.008426028303920637,538,35,503,0.09900105909097309,0.05816251825679088,0.024112577288594318,0.11959393546532121,3,2,"{""2026-06"": 0.1003285050006899, ""2026-07"": 0.08550040606615518, ""2026-08"": -0.036655535785885374}",0.10719537282254223,-0.011566465626970598
N_rsi_ahead_macd,5,225,10,36,0.02717408371573854,0.0212272770705419,0.5777777777777777,0.006487970024380179,0.0159484647171919,-0.1702672895440308,-0.07706526031113911,0.06666666666666667,4,3,-0.0227514489631282,0.02117408371573854,0.025846111185938898,36,14,22,0.048276896773494477,0.048529261173780605,0.5833333333333334,0.057986855071369116,0.03285286521060424,-0.2469284525790349,-0.07780166775308138,0.1111111111111111,4,3,-0.04357757097492484,0.04227689677349448,0.028698579018574963,17,4,15,0.025722210326144773,0.0425863399672044,0.6470588235294118,-0.004215682998780746,0.01780071788640281,-0.1555494080876297,-0.07191788273220895,0.058823529411764705,4,3,-0.0927483305263795,0.019722210326144775,0.014341630311111998,-0.0014518733895937663,0.02729274644469572,787,53,734,0.021102813057755937,0.05442391035277351,0.025051730727965574,0.061579917234728714,4,4,"{""2026-06"": 0.0711793396815832, ""2026-07"": 0.00557803893249462, ""2026-08"": 0.015615219323696647, ""2026-09"": 0.022406583828921363}",0.06522631331975354,0.04662479270735681
N_rsi_ahead_macd,10,162,8,36,-0.0029045588543121724,-0.024554491972302347,0.41975308641975306,-0.01804236518502774,-0.017325395886882006,-0.3423685899442483,-0.1312854735322921,0.19753086419753085,4,2,-0.04966491999782367,-0.008904558854312173,-0.005812533586179218,36,14,22,0.07537714615874613,0.059178632087348054,0.6666666666666666,0.07549848833140974,0.05193400856630514,-0.2509955239060748,-0.09561468387079203,0.16666666666666666,4,3,-0.04559210735020453,0.06937714615874613,0.058086151620636524,13,3,12,0.0914587696760503,0.0477865864261171,0.7692307692307693,0.043477838063424305,0.07279937130428246,-0.2504737515594779,-0.09149056716612398,0.15384615384615385,3,2,-0.017126903136356265,0.08545876967605029,0.06667084712068372,0.09436332853036247,-0.011137600940853861,787,53,734,0.07828170501305831,0.09447406167222723,0.04893427874494386,0.10316758254328338,4,4,"{""2026-06"": 0.15725513647073408, ""2026-07"": 0.07075030272698515, ""2026-08"": 0.011868724284549013, ""2026-09"": 0.01681062161933454}",0.11136382305973172,0.07384392043049609
N_rsi_ahead_macd,20,84,6,35,-0.006887511349254444,-0.00819765093009395,0.47619047619047616,-0.04734872506993448,-0.020618116339064227,-0.3664761672247023,-0.17772671770303944,0.2976190476190476,3,1,-0.1261765000931085,-0.012887511349254444,-0.011667715217178786,26,8,19,-0.024733535705266377,0.0005608101996173002,0.5,0.026757156144845005,-0.042079125804835825,-0.3005547756169396,-0.1573074758627704,0.34615384615384615,3,2,-0.07089301730148054,-0.03073353570526638,-0.036891338910619714,12,3,11,-0.047187760213742,-0.01608423382429875,0.4166666666666667,-0.0001833085964238109,-0.04331246435695311,-0.3005547756169396,-0.14412598925907397,0.3333333333333333,3,1,-0.08333516979379244,-0.053187760213742,-0.08085733280828514,-0.040300248864487555,-0.00017080320517318115,538,39,499,-0.017846024356011934,0.015802605423746202,0.032619945142023196,0.0009502946558875411,3,2,"{""2026-06"": 0.08476796982962824, ""2026-07"": -0.0492127776846526, ""2026-08"": 0.04363935999265296}",-0.047579898499272855,0.04071500924114096
N_expanded_profitable_roe,5,225,10,36,0.027582862314464485,0.0212272770705419,0.5777777777777777,0.015685488495714058,0.016286008426965173,-0.1702672895440308,-0.07675578086736093,0.06222222222222222,4,3,-0.0227514489631282,0.021582862314464483,0.026268015702972557,22,9,14,0.057126073912387644,0.01180142271341285,0.5909090909090909,0.0661477628068766,0.04619361635250641,-0.1124475001380788,-0.07675434568977373,0.09090909090909091,4,3,-0.02408285451942465,0.051126073912387646,0.04692131732882939,17,6,11,0.050894076069635724,0.0146305076843218,0.5882352941176471,0.049409398222598565,0.042971823115664276,-0.1116669278681052,-0.07391771070511849,0.058823529411764705,4,3,-0.02408285451942465,0.044894076069635726,0.038986962554045185,0.02331121375517124,0.025677618882551455,785,71,714,0.02954321159792316,0.044876200772437966,0.023055181654330847,0.07538730739993801,4,4,"{""2026-06"": 0.026638783262945567, ""2026-07"": 0.05313110413082632, ""2026-08"": 0.053752440842134944, ""2026-09"": 0.08097175447684159}",0.06516388196279799,0.12033993531283291
N_expanded_profitable_roe,10,162,8,36,-0.002274229611826711,-0.023101326638815,0.41975308641975306,-0.005278198024697154,-0.016569084658778717,-0.3423685899442483,-0.13070835491640298,0.19135802469135801,4,2,-0.04966491999782367,-0.008274229611826712,-0.005157960911290469,18,9,14,0.053742152153465304,0.0520702851958929,0.6666666666666666,0.100702920169887,0.04010697815055792,-0.1282239993318842,-0.13037904343191875,0.1111111111111111,4,4,2.8482257035829933e-05,0.047742152153465306,0.04001649996345799,15,5,11,0.04798602972841516,0.0261053961713118,0.6666666666666666,0.07263671898131889,0.03712651413014836,-0.1282239993318842,-0.12501224930339427,0.13333333333333333,4,3,-0.0555181300407259,0.04198602972841516,0.029157041493962994,0.05026025934024187,-0.007402827503688127,785,71,714,0.056016381765292014,0.08229228629019598,0.044360949166784173,0.138826113211331,4,4,"{""2026-06"": 0.22360440454893876, ""2026-07"": 0.049557112123953195, ""2026-08"": 0.08641246066462725, ""2026-09"": 0.1613771090451887}",0.05977664922966446,0.16365412281528877
N_expanded_profitable_roe,20,84,6,35,-0.006887511349254444,-0.00819765093009395,0.47619047619047616,-0.04734872506993448,-0.020618116339064227,-0.3664761672247023,-0.17772671770303944,0.2976190476190476,3,1,-0.1261765000931085,-0.012887511349254444,-0.011667715217178786,15,7,13,0.11845476443990648,0.0646240609175969,0.8,0.1160816103239015,0.08847380215520688,-0.0866962198502697,-0.14578139191077602,0.0,3,3,0.021073775878497902,0.11245476443990647,0.10092936739783859,9,5,7,0.0691321524210507,-0.003882778571975,0.4444444444444444,0.04822622659384091,0.04476942860819039,-0.0866962198502697,-0.1638658932113337,0.0,3,3,0.021073775878497902,0.06313215242105069,0.022492811623251556,0.07601966377030514,-0.016009871001691062,538,63,475,0.1253422757891609,0.04480318066561953,0.021738531917990103,0.09505732470482356,3,3,"{""2026-06"": 0.18452695131114338, ""2026-07"": 0.040583374507242836, ""2026-08"": 0.019737892416840444}",0.1329734976506335,0.09901442497670228
N_value_laggard,5,221,10,36,0.02826893548502412,0.0212272770705419,0.579185520361991,0.01643418838054638,0.016966862657260936,-0.1702672895440308,-0.07629617446867976,0.058823529411764705,4,3,-0.0227514489631282,0.02226893548502412,0.02695195394712074,17,14,7,0.05091194808922866,0.0998036697481308,0.5294117647058824,0.04423986208327859,0.03525972560624276,-0.1156387634451532,-0.08041941962515074,0.058823529411764705,4,3,-0.0232819596708404,0.04491194808922866,0.03664363185921304,11,7,6,0.07584721159801784,0.1182522495029207,0.7272727272727273,0.05519747763585496,0.059496590389214295,-0.0753164823262111,-0.08245358243596525,0.0,3,3,0.07165359299912973,0.06984721159801784,0.06561009080377705,0.04757827611299372,0.025776740069581593,771,48,723,0.022643012604204538,0.03462951895645032,0.024600477374103896,0.08972392182619181,4,4,"{""2026-06"": 0.014709109651083713, ""2026-07"": 0.07651581590660336, ""2026-08"": 0.1419669726533237, ""2026-09"": 0.02199569266897078}",0.046322055883798535,0.11682279388274189
N_value_laggard,10,158,8,36,-0.0009625404425741993,-0.02068272032115335,0.4240506329113924,-0.004037821131036446,-0.015410174618009736,-0.3423685899442483,-0.1291006200020886,0.189873417721519,4,2,-0.049128864242599754,-0.006962540442574199,-0.003870382203763881,14,12,7,0.08702766984314911,0.1082588816443983,0.8571428571428571,0.07378781499837768,0.06143168895921828,-0.2179493804625502,-0.09617932513976002,0.14285714285714285,4,4,0.06653960480808803,0.0810276698431491,0.07858089931751627,6,5,3,0.0991409859785171,0.15728612126452535,0.8333333333333334,0.07271263933414492,0.08102922577740085,-0.2179493804625502,-0.08436693736454588,0.16666666666666666,4,4,0.0356576154038459,0.0931409859785171,0.06582323282934441,0.1001035264210913,-0.004913995432880432,771,48,723,0.0879902102857233,0.05689180093550898,0.0492535804988831,0.13778561004969467,4,4,"{""2026-06"": 0.06961277735259572, ""2026-07"": 0.10422601601398533, ""2026-08"": 0.13417609424006532, ""2026-09"": 0.03881646954643202}",0.07296778245293688,0.13642404456696294
N_value_laggard,20,82,6,35,-0.003760516556593772,-0.00590749718786775,0.4878048780487805,-0.04520501667248395,-0.01746627536412343,-0.3664761672247023,-0.17663288000512017,0.2926829268292683,3,1,-0.12357761645216839,-0.009760516556593771,-0.008542991606263256,9,8,5,0.03072181039428838,0.0667788850337303,0.5555555555555556,0.04422798275949397,0.00867112869041144,-0.3992920448494003,-0.1630434599542176,0.2222222222222222,4,3,-0.18464906063470432,0.024721810394288377,-0.01403680258831968,4,3,4,0.05952676096731287,0.03371894155573529,0.5,0.10514487079886929,0.042332020138707654,-0.1451596360605546,-0.12675625437066912,0.25,3,2,-0.07732756852735635,0.05352676096731287,-0.025907250983028002,0.06328727752390664,-0.00700601796807616,524,31,493,0.03448232695088215,0.045221048341750586,0.031170119116725414,0.09557646326910431,4,2,"{""2026-06"": -0.06843720142159324, ""2026-07"": 0.06418917630296841, ""2026-08"": 0.14488886077894242, ""2026-09"": -0.0011420096297933835}",-0.023463768548183023,0.1555753396588627
