candidate,month,n,dates,tickers,mean,median,win,date_mean,excess,worst,mae_mean,loss10,months,positive_months,worst_month,cost1_mean,no_best_name_mean
S3_ma200_distance25,2026-07,12,5,12,0.1560985409448278,0.15512385405150086,0.8333333333333334,0.1133626752993836,0.0901917699884174,-0.1247547096089862,-0.078091631545893,0.08333333333333333,1,1,0.1560985409448278,0.1500985409448278,0.13349327281593498
S3_ma200_distance25,2026-09,4,1,4,0.23242431629755494,0.1835232814195491,1.0,0.23242431629755494,0.19015031534306165,0.164621151248167,-0.023885671124088775,0.0,1,1,0.23242431629755494,0.22642431629755494,0.17722257136242173
S3_rsi35,2026-07,12,4,12,0.18379988862877328,0.1432902323979189,0.9166666666666666,0.1667962224168545,0.11967434636425274,-0.0069333496093749,-0.0705020683691637,0.0,1,1,0.1837998886287733,0.17779988862877327,0.1549270185832508
S3_rsi35,2026-09,2,1,2,0.1760451027408254,0.1760451027408254,1.0,0.1760451027408254,0.1337711017863321,0.164621151248167,-0.04173124740740685,0.0,1,1,0.1760451027408254,0.1700451027408254,0.164621151248167
S3_size100b,2026-07,8,5,8,0.15018779775081043,0.16575128951835827,0.75,0.13939980311313074,0.08987267712985349,-0.1247547096089862,-0.12202264682946837,0.125,1,1,0.15018779775081043,0.14418779775081042,0.11382084166340496
S3_size100b,2026-09,2,1,2,0.2888035298542845,0.2888035298542845,1.0,0.2888035298542845,0.24652952889979118,0.1795775086056144,-0.006040094840770701,0.0,1,1,0.2888035298542845,0.2828035298542845,0.1795775086056144
S3_intraday_positive,2026-07,13,3,13,0.15884664422598663,0.1416156399265786,0.9230769230769231,0.12000210099276308,0.09366002061111037,-0.1247547096089862,-0.05719518799923762,0.07692307692307693,1,1,0.15884664422598663,0.15284664422598662,0.1303004096506921
S3_intraday_positive,2026-09,1,1,1,0.2714667164412976,0.2714667164412976,1.0,0.2714667164412976,0.2381962269963855,0.2714667164412976,-0.0030097687087058,0.0,1,1,0.2714667164412976,0.2654667164412976,
S4_debt1,2026-07,1,1,1,0.2286664147231207,0.2286664147231207,1.0,0.2286664147231207,0.1709298947791724,0.2286664147231207,-0.0291587542280256,0.0,1,1,0.2286664147231207,0.22266641472312068,
S4_debt1,2026-08,2,2,2,0.23803859437939684,0.23803859437939684,1.0,0.23803859437939684,0.1916408055224159,0.2131052941159863,-0.034318108584825105,0.0,1,1,0.23803859437939684,0.23203859437939683,0.2131052941159863
S4_debt1,2026-09,3,3,3,0.05254491952068604,0.0786119249907675,0.6666666666666666,0.05254491952068604,0.017762537173912966,-0.0116842333787752,-0.03980596514992454,0.0,1,1,0.05254491952068604,0.04654491952068604,0.03346384580599615
S4_eps_growth,2026-07,1,1,1,0.2286664147231207,0.2286664147231207,1.0,0.2286664147231207,0.1709298947791724,0.2286664147231207,-0.0291587542280256,0.0,1,1,0.2286664147231207,0.22266641472312068,
S4_eps_growth,2026-08,2,2,2,0.23803859437939684,0.23803859437939684,1.0,0.23803859437939684,0.1916408055224159,0.2131052941159863,-0.034318108584825105,0.0,1,1,0.23803859437939684,0.23203859437939683,0.2131052941159863
S4_eps_growth,2026-09,2,2,2,0.039511416785645306,0.039511416785645306,0.5,0.039511416785645306,0.0022370739218385977,-0.0116842333787752,-0.0522887341509052,0.0,1,1,0.039511416785645306,0.03351141678564531,-0.0116842333787752
S7_obv_positive,2026-07,2,2,2,0.27412251933120846,0.27412251933120846,1.0,0.27412251933120846,0.22769943526020806,0.088222226211448,-0.19296202686189426,0.0,1,1,0.27412251933120846,0.26812251933120845,0.088222226211448
S7_obv_positive,2026-08,8,5,7,0.06583728224523579,0.104569974559428,0.625,0.04700818128262287,0.05130833970762865,-0.0904197530864198,-0.11512284524839776,0.0,1,1,0.06583728224523579,0.05983728224523579,0.041197204018509806
S7_obv_positive,2026-09,7,6,7,0.01391354249684923,0.0349140902498741,0.7142857142857143,0.021290970977290945,-0.02142301742481623,-0.1312727345201811,-0.0695639889329502,0.14285714285714285,1,1,0.01391354249684923,0.00791354249684923,0.003647592305764634
S7_high52_drawdown30,2026-07,6,3,6,0.16762712720394102,0.12301602857372834,0.8333333333333334,0.10419271586890794,0.13403276950317397,-0.0641384253888697,-0.14620756001290455,0.0,1,1,0.16762712720394102,0.161627127203941,0.10914799015453544
S7_high52_drawdown30,2026-08,10,4,7,0.08261186701279655,0.0661810922539729,0.8,0.11302063215237447,0.05869176776098885,-0.0752401228030514,-0.07019858678629365,0.0,1,1,0.08261186701279655,0.07661186701279654,0.06322906822293345
S7_high52_drawdown30,2026-09,12,6,11,0.06715841223189777,0.0576754938216371,0.75,0.05360187438497307,0.0302649000799881,-0.1055384380634014,-0.06392048274389946,0.08333333333333333,1,1,0.06715841223189777,0.06115841223189777,0.050646139733944
S7_volume_ratio_falling5,2026-07,4,1,4,-0.0416792644281194,-0.06097424031703735,0.25,-0.0416792644281194,-0.07678891262617182,-0.1329908032898509,-0.2742156477249118,0.5,1,0,-0.0416792644281194,-0.0476792644281194,-0.0849797613079752
S7_volume_ratio_falling5,2026-08,11,4,11,0.12729125263561247,0.1113132533805829,0.8181818181818182,0.08294311014930977,0.11073947210298535,-0.0610318936574704,-0.07127589833604277,0.0,1,1,0.12729125263561245,0.12129125263561247,0.09001235777478328
S7_volume_ratio_falling5,2026-09,6,4,6,0.15250113241874755,0.12330562122851979,1.0,0.1661511067682261,0.11470620450499806,0.041485138986127,-0.06416250403302078,0.0,1,1,0.15250113241874755,0.14650113241874754,0.12739952350009978
S7_quality,2026-06,1,1,1,-0.2158117539206172,-0.2158117539206172,0.0,-0.2158117539206172,-0.2122024481910819,-0.2158117539206172,-0.2676188335460797,1.0,1,0,-0.2158117539206172,-0.2218117539206172,
S7_quality,2026-07,5,3,5,0.07313285266080963,0.088222226211448,0.8,0.07533277808576298,0.022791772110379877,-0.0078475472084438,-0.15793194681653472,0.0,1,1,0.07313285266080963,0.06713285266080962,0.0663218101533027
S7_quality,2026-08,9,5,8,-0.013018367878603533,-0.0358486983312957,0.3333333333333333,0.024404736986041335,-0.01939746271776979,-0.1171744181157721,-0.07469757651369718,0.1111111111111111,1,0,-0.013018367878603533,-0.01901836787860353,-0.028636464263827537
S7_quality,2026-09,10,6,9,0.09160382512317782,0.0687333383572913,0.8,0.07867174515708832,0.05378654749551026,-0.0068913995965924,-0.045479123637900146,0.0,1,1,0.09160382512317782,0.08560382512317781,0.0741383157247099
N_expanded_below200,2026-06,2,2,2,0.08109642643690179,0.08109642643690179,1.0,0.08109642643690179,0.06981445940711585,0.0384199632494512,-0.09194623790491036,0.0,1,1,0.08109642643690179,0.07509642643690179,0.0384199632494512
N_expanded_below200,2026-07,11,6,11,0.1529885230211588,0.1627479296990919,1.0,0.15112581322126561,0.11768515601047012,0.0072112817433729,-0.10342954159210577,0.0,1,1,0.1529885230211588,0.1469885230211588,0.13398888920437563
N_expanded_below200,2026-08,1,1,1,-0.0685500226911089,-0.0685500226911089,0.0,-0.0685500226911089,-0.0719615162079315,-0.0685500226911089,-0.1257259614560897,0.0,1,0,-0.0685500226911089,-0.0745500226911089,
N_expanded_below200,2026-09,2,1,2,0.09409565871707559,0.09409565871707559,0.5,0.09409565871707559,0.04652299987966704,-0.0019570523144429,-0.09635278524686886,0.0,1,1,0.09409565871707559,0.08809565871707559,-0.0019570523144429
N_rsi_ahead_macd,2026-06,15,3,14,0.12174905009314588,0.1333814533666237,0.7333333333333333,0.03897972676480024,0.09700874875610441,-0.2504737515594779,-0.09636895758921857,0.13333333333333333,1,1,0.12174905009314588,0.11574905009314587,0.10266585078976706
N_rsi_ahead_macd,2026-07,5,3,5,0.08020814195948926,-0.0848734411065461,0.4,0.1964705479310852,0.05046510759728264,-0.1093901593139046,-0.18193071195258098,0.2,1,1,0.08020814195948926,0.07420814195948926,-0.06789850522524285
N_rsi_ahead_macd,2026-08,7,3,7,-0.04559210735020453,-0.0219614022415203,0.42857142857142855,-0.050336308052512574,-0.04695655637504758,-0.2509955239060748,-0.11298155060998183,0.42857142857142855,1,0,-0.04559210735020453,-0.05159210735020453,-0.07174300080533579
N_rsi_ahead_macd,2026-09,9,5,9,0.0894939502190731,0.1001078263479433,0.8888888888888888,0.10032738734192355,0.0545403815204821,-0.0179436318840778,-0.032896649053050855,0.0,1,1,0.0894939502190731,0.08349395021907309,0.08223793604085129
N_expanded_profitable_roe,2026-06,2,1,2,0.20542556450397095,0.20542556450397095,1.0,0.20542556450397095,0.17736798002209206,0.1237728896243524,-0.07978230039729645,0.0,1,1,0.20542556450397095,0.19942556450397095,0.1237728896243524
N_expanded_profitable_roe,2026-07,11,5,11,0.03329502827069964,0.0144259481277062,0.6363636363636364,0.10213907655246926,0.026603353229512995,-0.1282239993318842,-0.15883798345295788,0.09090909090909091,1,1,0.03329502827069964,0.027295028270699642,0.015456238913312461
N_expanded_profitable_roe,2026-08,4,2,3,2.8482257035829933e-05,0.00015036012248105524,0.5,2.8482257035826464e-05,-0.017005737442492525,-0.1136707054998329,-0.08966822715643588,0.25,1,1,2.8482257035829933e-05,-0.00597151774296417,-0.03778999508495693
N_expanded_profitable_roe,2026-09,1,1,1,0.1901483697485941,0.1901483697485941,1.0,0.1901483697485941,0.1425757109111856,0.1901483697485941,-0.081367454371664,0.0,1,1,0.1901483697485941,0.18414836974859408,
N_value_laggard,2026-06,3,2,3,0.08153868597940202,0.1968356866763756,0.6666666666666666,0.006666669368913969,0.06466484646558507,-0.2179493804625502,-0.11698803118951444,0.3333333333333333,1,1,0.08153868597940202,0.07553868597940201,-0.010556846893087293
N_value_laggard,2026-07,4,4,4,0.06653960480808803,0.06424593160286335,0.75,0.06653960480808803,0.04605020135734965,-0.1221316227638237,-0.16811542914475724,0.25,1,1,0.06653960480808803,0.06053960480808803,0.002120080147301006
N_value_laggard,2026-08,3,2,3,0.12702852936909345,0.1560044864839587,1.0,0.13971735474205166,0.1101168082253936,0.0472972707623953,-0.053889584305341236,0.0,1,1,0.12702852936909345,0.12102852936909345,0.10165087862317701
N_value_laggard,2026-09,4,4,4,0.08163182813156221,0.08067896697249595,1.0,0.08163182813156221,0.0378744689816803,0.0283809669131325,-0.04035399722326108,0.0,1,1,0.0816318281315622,0.0756318281315622,0.06324630028604146
