candidate,sensitivity,n,dates,tickers,mean,median,win,date_mean,excess,worst,mae_mean,loss10,months,positive_months,worst_month,cost1_mean,no_best_name_mean
S3_ma200_distance25,explicit_candle_date_only,16,6.0,15.0,0.17517998478300958,0.1720993299268907,0.875,0.13320628213241215,0.11518140632707846,-0.1247547096089862,-0.06454014144044194,0.0625,2.0,2.0,0.1560985409448278,0.16917998478300958,0.15987488441103365
S3_ma200_distance25,matched_date_difference_descriptive_NOT_selection_adjusted,7,,,0.0302888913446558,,,,,,,,,,,,
S3_rsi35,explicit_candle_date_only,14,5.0,14.0,0.18269206207335215,0.14614773882783416,0.9285714285714286,0.16864599848164868,0.12168816856740694,-0.0069333496093749,-0.06639195108891273,0.0,2.0,2.0,0.1760451027408254,0.17669206207335214,0.15817595460749304
S3_rsi35,matched_date_difference_descriptive_NOT_selection_adjusted,7,,,0.01939725867625828,,,,,,,,,,,,
S3_size100b,explicit_candle_date_only,10,6.0,9.0,0.17791094417150524,0.1818747174279609,0.8,0.16430042423665636,0.12120404748384102,-0.1247547096089862,-0.09882613643172884,0.1,2.0,2.0,0.15018779775081043,0.17191094417150524,0.1496134955452238
S3_size100b,matched_date_difference_descriptive_NOT_selection_adjusted,7,,,0.06034099194937987,,,,,,,,,,,,
S3_intraday_positive,explicit_candle_date_only,14,4.0,13.0,0.16689093509850883,0.16100085240187129,0.9285714285714286,0.1578682548548967,0.10398403535291574,-0.1247547096089862,-0.053324800907056776,0.07142857142857142,2.0,2.0,0.15884664422598663,0.16089093509850882,0.14115935632689253
S3_intraday_positive,matched_date_difference_descriptive_NOT_selection_adjusted,4,,,0.02166376534530965,,,,,,,,,,,,
S4_debt1,explicit_candle_date_only,6,6.0,4.0,0.14372972700732875,0.15190618053302607,0.8333333333333334,0.14372972700732875,0.10124985289095718,-0.0116842333787752,-0.0362021444745749,0.0,3.0,3.0,0.05254491952068604,0.13772972700732874,0.12717485011277482
S4_debt1,matched_date_difference_descriptive_NOT_selection_adjusted,6,,,0.02076011559876018,,,,,,,,,,,,
S4_eps_growth,explicit_candle_date_only,5,5.0,4.0,0.156753287410641,0.2131052941159863,0.8,0.156753287410641,0.11173713073353628,-0.0116842333787752,-0.04047448793989724,0.0,3.0,3.0,0.039511416785645306,0.150753287410641,0.13877500558252107
S4_eps_growth,matched_date_difference_descriptive_NOT_selection_adjusted,5,,,0.024912138718512215,,,,,,,,,,,,
S7_obv_positive,explicit_candle_date_only,17,13.0,12.0,0.06896106435895576,0.070570677748579,0.7058823529411765,0.07007936699532899,0.042112027423984226,-0.1312727345201811,-0.10552086695538954,0.058823529411764705,3.0,3.0,0.01391354249684923,0.06296106435895575,0.04451970510320493
S7_obv_positive,matched_date_difference_descriptive_NOT_selection_adjusted,13,,,0.03310532121861466,,,,,,,,,,,,
S7_high52_drawdown30,explicit_candle_date_only,28,13.0,16.0,0.09420651357622802,0.0857453906859062,0.7857142857142857,0.08355937865585078,0.06265332484245677,-0.1055384380634014,-0.08379560788811276,0.03571428571428571,3.0,3.0,0.06715841223189777,0.08820651357622801,0.08222760860321149
S7_high52_drawdown30,matched_date_difference_descriptive_NOT_selection_adjusted,15,,,0.02143403273533851,,,,,,,,,,,,
S7_volume_ratio_falling5,explicit_candle_date_only,21,9.0,17.0,0.10230921503770213,0.1001078263479433,0.7619047619047619,0.10607751147133603,0.07615313188848286,-0.1329908032898509,-0.10789869032353534,0.09523809523809523,3.0,2.0,-0.0416792644281194,0.09630921503770212,0.0814897625368367
S7_volume_ratio_falling5,matched_date_difference_descriptive_NOT_selection_adjusted,10,,,0.040441643092797894,,,,,,,,,,,,
S7_quality,explicit_candle_date_only,25,15.0,14.0,0.037949017988311094,0.041485138986127,0.6,0.04028271574729389,0.010601788914239685,-0.2158117539206172,-0.08737391970524118,0.08,4.0,2.0,-0.2158117539206172,0.031949017988311096,0.02916383499993284
S7_quality,matched_date_difference_descriptive_NOT_selection_adjusted,19,,,-0.003843511365002014,,,,,,,,,,,,
N_expanded_below200,explicit_candle_date_only,15,9.0,14.0,0.12272900074834937,0.147008210974753,0.8666666666666667,0.10785783095589016,0.09063565422255547,-0.0685500226911089,-0.10466170767173565,0.0,4.0,3.0,-0.0685500226911089,0.11672900074834937,0.10699643928830357
N_expanded_below200,matched_date_difference_descriptive_NOT_selection_adjusted,24,,,0.08115371774670031,,,,,,,,,,,,
N_rsi_ahead_macd,explicit_candle_date_only,22,12.0,17.0,0.0324342993213756,0.03025652534906725,0.5909090909090909,0.06385439425816052,0.011105248069433856,-0.2509955239060748,-0.10605167425178369,0.22727272727272727,4.0,2.0,-0.1737869252474095,0.0264342993213756,-0.002959398598804902
N_rsi_ahead_macd,matched_date_difference_descriptive_NOT_selection_adjusted,17,,,0.09447406167222723,,,,,,,,,,,,
N_expanded_profitable_roe,explicit_candle_date_only,16,8.0,12.0,0.03478172560965209,0.022387370587333248,0.625,0.0876125896281265,0.02294935291661615,-0.1282239993318842,-0.13670363631124652,0.125,3.0,3.0,2.8482257035829933e-05,0.028781725609652094,0.022988312527324136
N_expanded_profitable_roe,matched_date_difference_descriptive_NOT_selection_adjusted,23,,,0.08229228629019598,,,,,,,,,,,,
N_value_laggard,explicit_candle_date_only,12,11.0,6.0,0.06298516161694426,0.07006575928213805,0.8333333333333334,0.05947009643455945,0.037799447999338105,-0.2179493804625502,-0.10276749056178573,0.16666666666666666,4.0,3.0,-0.2179493804625502,0.05698516161694426,0.04567245237693451
N_value_laggard,matched_date_difference_descriptive_NOT_selection_adjusted,26,,,0.05689180093550899,,,,,,,,,,,,
