candidate,base,conditions,base_n,base_dates,base_open_n,base_invalid_n,base_open_mark,base_mean,base_median,base_win,base_worst,base_excess,base_date_mean,base_cost1_mean,base_no_best_ticker,base_no_best_date,filter_n,filter_dates,filter_open_n,filter_invalid_n,filter_open_mark,filter_mean,filter_median,filter_win,filter_worst,filter_excess,filter_date_mean,filter_cost1_mean,filter_no_best_ticker,filter_no_best_date,paired_n,paired_dates,paired_open_n,paired_invalid_n,paired_open_mark,paired_mean,paired_median,paired_win,paired_worst,paired_excess,paired_date_mean,paired_cost1_mean,paired_no_best_ticker,paired_no_best_date
S3_ma200_distance25,S3,premium_le_25,21,6,0,0,,0.05356407213139688,0.0662924976563053,0.6190476190476191,-0.14426662190755213,0.024987560808401064,0.0643382978746848,0.04756407213139688,0.03829724805372011,0.020461875912529036,16,6,0,0,,0.0954816967292565,0.11853213297100518,0.75,-0.13379672524359598,0.06266586804674058,0.04652163546100462,0.08948169672925649,0.08099700590224027,0.01460698743239991,11,6,0,0,,0.05195936714541827,0.09141566856357031,0.6363636363636364,-0.13379672524359598,0.02689573053731762,0.042521677505540596,0.04595936714541827,0.028783263091413734,-0.005718068530443998
S3_rsi35,S3,rsi_le_35,21,6,0,0,,0.05356407213139688,0.0662924976563053,0.6190476190476191,-0.14426662190755213,0.024987560808401064,0.0643382978746848,0.04756407213139688,0.03829724805372011,0.020461875912529036,15,6,0,0,,0.09750609467844301,0.11219634798703426,0.8,-0.14426662190755213,0.061742508402766474,0.07920709655166215,0.091506094678443,0.08420507232079869,0.06014551424124278,9,5,0,0,,0.09650829473742407,0.1180999229266595,0.7777777777777778,-0.14426662190755213,0.06448337027584367,0.10491111959098509,0.09050829473742407,0.07310678061891913,0.06020879756736547
S3_size100b,S3,fund_market_cap_le_100000000000.0,21,6,0,0,,0.05356407213139688,0.0662924976563053,0.6190476190476191,-0.14426662190755213,0.024987560808401064,0.0643382978746848,0.04756407213139688,0.03829724805372011,0.020461875912529036,11,6,0,0,,0.040381585292794765,0.006149579105386497,0.5454545454545454,-0.14426662190755213,0.02514347245272739,0.058154295462005325,0.03438158529279477,0.005222181831343338,0.013041073017313675,11,6,0,0,,0.040381585292794765,0.006149579105386497,0.5454545454545454,-0.14426662190755213,0.02514347245272739,0.058154295462005325,0.03438158529279477,0.005222181831343338,0.013041073017313675
S3_intraday_positive,S3,intraday_recovery_gt_0,21,6,0,0,,0.05356407213139688,0.0662924976563053,0.6190476190476191,-0.14426662190755213,0.024987560808401064,0.0643382978746848,0.04756407213139688,0.03829724805372011,0.020461875912529036,14,4,0,0,,0.13882708879531844,0.18034735266995738,0.7857142857142857,-0.09133148239964417,0.09348446040361837,0.1190822315547156,0.13282708879531843,0.12413706971002929,0.07525432630129342,6,3,0,0,,0.07637299211391078,0.06273096795338529,0.6666666666666666,-0.09133148239964417,0.02734176579275484,0.11217752733108916,0.07037299211391078,0.03490350899960022,0.02640608715390194
S4_debt1,S4,fund_debtToEquity_le_1,8,6,1,0,0.030746079757758563,0.07335820540857038,0.1215449586472559,0.75,-0.10923087868327652,0.03641045177587507,0.07175771222309961,0.06735820540857038,0.04469653542218118,0.05574481646185496,5,5,1,0,0.030746079757758563,0.1342526401941166,0.12486468080995006,1.0,0.10948685294059524,0.09409932768191939,0.1342526401941166,0.12825264019411659,0.117525590078369,0.12326797472547696,5,5,0,0,,0.1342526401941166,0.12486468080995006,1.0,0.10948685294059524,0.09409932768191939,0.1342526401941166,0.12825264019411659,0.117525590078369,0.12326797472547696
S4_eps_growth,S4,fund_epsQoq_gt_0,8,6,1,0,0.030746079757758563,0.07335820540857038,0.1215449586472559,0.75,-0.10923087868327652,0.03641045177587507,0.07175771222309961,0.06735820540857038,0.04469653542218118,0.05574481646185496,4,4,1,0,0.030746079757758563,0.13659963004015824,0.12936018257568127,1.0,0.10948685294059524,0.09072526504295303,0.13659963004015824,0.13059963004015823,0.11385604471257849,0.12273573936398592,4,4,0,0,,0.13659963004015824,0.12936018257568127,1.0,0.10948685294059524,0.09072526504295303,0.13659963004015824,0.13059963004015823,0.11385604471257849,0.12273573936398592
S7_obv_positive,S7,obv20_gt_0,43,16,5,0,0.06879699579371587,0.025653845353671063,0.06349240473572282,0.5348837209302325,-0.16577459703216935,0.0067199044318506105,0.03802917877369924,0.01965384535367106,0.02039677705997173,0.030838256653191523,12,9,4,0,0.08436171588547275,-0.020057705489347665,-0.08553299612014281,0.3333333333333333,-0.16321569026373572,-0.035889189580236874,-0.019768005835667856,-0.026057705489347667,-0.046538545632600875,-0.05614294857593105,8,7,0,0,,0.01917109796983281,0.029707373295708273,0.5,-0.16321569026373572,9.875427386328572e-05,0.02056603954370439,0.01317109796983281,-0.01683753604682503,-0.021211543213417828
S7_high52_drawdown30,S7,high52_distance_le_-30,43,16,5,0,0.06879699579371587,0.025653845353671063,0.06349240473572282,0.5348837209302325,-0.16577459703216935,0.0067199044318506105,0.03802917877369924,0.01965384535367106,0.02039677705997173,0.030838256653191523,27,12,2,0,0.07316918964714625,0.0470998866222936,0.0906325907417076,0.5925925925925926,-0.16577459703216935,0.02590277339783595,0.04699178865291848,0.0410998866222936,0.03717929362635717,0.028547317483902733,27,12,0,0,,0.0470998866222936,0.0906325907417076,0.5925925925925926,-0.16577459703216935,0.02590277339783595,0.04699178865291848,0.0410998866222936,0.03717929362635717,0.028547317483902733
S7_volume_ratio_falling5,S7,observed_vol20_change5_le_0,41,16,5,0,0.06879699579371587,0.03171027762958716,0.07808025037484878,0.5609756097560976,-0.16577459703216935,0.011308133701936602,0.04107863921816321,0.025710277629587164,0.02665466092116019,0.03409101446061976,20,9,1,0,0.08756922437647718,-0.004259609602238002,-0.06934390380246186,0.45,-0.16321569026373572,-0.01374239909118447,0.04344398352316875,-0.010259609602238002,-0.016058860608227143,0.021543425661267483,15,8,0,0,,-0.0059436290958918185,-0.06533296889524631,0.4666666666666667,-0.16321569026373572,-0.01604296220178012,0.022888027234438897,-0.01194362909589182,-0.02039114457143288,-0.0018881956694531252
S7_quality,S7,fund_debtToEquity_le_1 & fund_operatingMargin_gt_0,42,16,5,0,0.06879699579371587,0.028485660699510713,0.0707863275552858,0.5476190476190477,-0.16577459703216935,0.009660522043006952,0.03951266021904974,0.02248566069951071,0.02331162773257599,0.03242063686156539,24,14,1,0,0.1817094311655787,0.023350727096897405,0.0707863275552858,0.5416666666666666,-0.16577459703216935,0.0068994513496587655,0.03575590269408888,0.017350727096897403,0.01725268974788469,0.02668803064079286,24,14,0,0,,0.023350727096897405,0.0707863275552858,0.5416666666666666,-0.16577459703216935,0.0068994513496587655,0.03575590269408888,0.017350727096897403,0.01725268974788469,0.02668803064079286
N_expanded_below200,allowed,squeeze_gt_1.25 & premium_le_0,178,23,8,0,0.02180674116261795,0.002116172277995786,-0.046160227316635716,0.449438202247191,-0.24740740924947413,-0.005195127652653998,0.044033515572631174,-0.003883827722004214,0.00042602028239669375,0.03580874563567235,16,10,1,0,0.1236813079541017,0.04303623574906106,0.06634744856283548,0.625,-0.18560919061439762,0.03034514664678263,0.018057935907396627,0.037036235749061064,0.03102287091418938,0.003686210621164735,12,9,0,0,,0.06786225264648847,0.09882832799496821,0.75,-0.11799967573278525,0.048196187568725436,0.06198812597092212,0.06186225264648847,0.056629670414867904,0.046678136334533604
N_rsi_ahead_macd,allowed,rsi_gt_50 & hist_le_0,178,23,8,0,0.02180674116261795,0.002116172277995786,-0.046160227316635716,0.449438202247191,-0.24740740924947413,-0.005195127652653998,0.044033515572631174,-0.003883827722004214,0.00042602028239669375,0.03580874563567235,33,13,3,0,0.03287889563266292,0.048442278271962465,0.09096603206712373,0.6666666666666666,-0.24839461883408076,0.03125395808427072,0.030831418859339873,0.042442278271962466,0.03966079189461154,0.018141404854744973,15,5,0,0,,0.07258775847208437,0.07784291416019573,0.7333333333333333,-0.10117831100245067,0.056526777653187116,0.05348342742373936,0.06658775847208437,0.06028892036596635,0.010609670733242885
N_expanded_profitable_roe,allowed,squeeze_gt_1.25 & fund_roe_gt_0,177,23,9,0,0.024445284956518282,0.0026425845785100228,-0.04505924764271463,0.4519774011299435,-0.24740740924947413,-0.00468729538547732,0.0465862597049827,-0.0033574154214899773,0.0009641663129579898,0.03847752359222168,21,10,0,0,,0.032447207215619875,0.029308627353018316,0.6190476190476191,-0.23274699398666843,0.021666693268841165,0.07073437729045154,0.026447207215619876,0.022784115062618286,0.05351496918098486,18,9,0,0,,0.04070626714918651,0.09882832799496821,0.6666666666666666,-0.23274699398666843,0.023704752454227103,0.04606123187351791,0.03470626714918651,0.030026617359506944,0.02590957820279383
N_value_laggard,allowed,fund_pbr_le_5 & peer_rs20_le_0,173,23,9,0,0.024445284956518282,0.0038204291413259433,-0.04082171760445896,0.45664739884393063,-0.24740740924947413,-0.003507679953425368,0.047241936302883814,-0.002179570858674057,0.002151235206361277,0.03916300367184557,14,11,1,0,0.028380966913132525,0.062100104857601694,0.12207433943334534,0.6428571428571429,-0.13826324591301908,0.04719170283904846,0.0368192839246821,0.056100104857601696,0.05179717403963407,0.019825186698480525,8,7,0,0,,0.08018723461328192,0.13581295952523365,0.75,-0.13826324591301908,0.065140141601793,0.07050332090755691,0.07418723461328192,0.05677799447223664,0.05664290365256062
