fold,rank,n,dates,tickers,mean,median,win,date_mean,excess,worst,mae_mean,loss10,months,positive_months,worst_month,cost1_mean,no_best_name_mean
2026-07,1,14,8,10,-0.08410925594388065,-0.1707037976192557,0.21428571428571427,-0.0162128101628269,-0.08184217806531699,-0.2834952806660437,-0.219838199704566,0.7142857142857143,1,0,-0.08410925594388065,-0.09010925594388065,-0.13460125647401305
2026-07,2,13,6,10,-0.10442324029823137,-0.1803410492342831,0.15384615384615385,-0.011837322203828174,-0.10474228635299053,-0.2834952806660437,-0.22835897892482007,0.7692307692307693,1,0,-0.10442324029823138,-0.11042324029823138,-0.1631988743955305
2026-07,3,34,16,23,-0.08591214146285082,-0.09120984068456456,0.14705882352941177,-0.05671987288404612,-0.08396805891362799,-0.3099724070354662,-0.200358374122638,0.4411764705882353,1,0,-0.08591214146285084,-0.09191214146285083,-0.10495932200658611
2026-08,1,46,9,29,-0.02921970155278444,-0.03369572446669104,0.41304347826086957,-0.02114485058372241,-0.022151738628613294,-0.2995589100229062,-0.12283363984198338,0.2608695652173913,1,0,-0.02921970155278445,-0.03521970155278444,-0.03779516743226982
2026-08,2,6,5,5,0.016273234298881698,0.00740289348288695,0.5,0.04424104385016663,0.007477428278569902,-0.2236394296738026,-0.10233055597211747,0.16666666666666666,1,1,0.016273234298881698,0.010273234298881698,-0.011673016138133697
2026-08,3,3,3,3,0.0058879089421940605,-0.1078148493252668,0.3333333333333333,0.0058879089421940605,-0.005670118458764968,-0.1104572903156512,-0.08702892590660298,0.6666666666666666,1,1,0.005887908942194066,-0.00011209105780593965,-0.10913606982045901
2026-09,1,48,7,28,0.024497061203063306,0.00448670678275155,0.5,0.05324147094598405,0.00917633553804798,-0.3204090936834162,-0.05170637492035085,0.10416666666666667,1,1,0.024497061203063313,0.018497061203063304,0.019264079432067212
2026-09,2,19,9,18,0.03106450441687589,0.022896180521569,0.5789473684210527,0.0622267567248062,-0.0028399037089030053,-0.1367035641515863,-0.08783835523224308,0.05263157894736842,1,1,0.031064504416875898,0.02506450441687589,0.018968454122847384
2026-09,3,2,1,2,0.040563845322420494,0.040563845322420494,1.0,0.040563845322420494,0.03764449216697885,5.6791404241089e-05,-0.09879886680026045,0.0,1,1,0.040563845322420494,0.034563845322420496,5.6791404241089e-05
