feature,period,outcome,rows,dates,median
adx,all,up5,807,85,27.19
adx,all,down5,976,91,26.695
adx,May_July,up5,463,53,33.78
adx,May_July,down5,678,59,28.185000000000002
adx,Aug_Oct,up5,344,32,21.43
adx,Aug_Oct,down5,298,32,23.564999999999998
atr,all,up5,466,42,8.315000000000001
atr,all,down5,364,42,7.859999999999999
atr,May_July,up5,122,10,10.385
atr,May_July,down5,66,10,9.34
atr,Aug_Oct,up5,344,32,7.27
atr,Aug_Oct,down5,298,32,7.475
cci_change,all,up5,807,85,-2.970000000000006
cci_change,all,down5,976,91,-6.629999999999998
cci_change,May_July,up5,463,53,-14.269999999999996
cci_change,May_July,down5,678,59,-5.694999999999993
cci_change,Aug_Oct,up5,344,32,9.810000000000002
cci_change,Aug_Oct,down5,298,32,-9.09
close_location,all,up5,807,85,0.4803370786516873
close_location,all,down5,976,91,0.45170804249293794
close_location,May_July,up5,463,53,0.4817518248175186
close_location,May_July,down5,678,59,0.4535219213912209
close_location,Aug_Oct,up5,344,32,0.4750540900391109
close_location,Aug_Oct,down5,298,32,0.45131522529408424
ctx_hyg_ief_rs20,all,up5,807,85,0.6833662751144498
ctx_hyg_ief_rs20,all,down5,976,91,0.3459967914532846
ctx_hyg_ief_rs20,May_July,up5,463,53,0.6431847449198447
ctx_hyg_ief_rs20,May_July,down5,678,59,0.2380922781161976
ctx_hyg_ief_rs20,Aug_Oct,up5,344,32,0.7039504737568425
ctx_hyg_ief_rs20,Aug_Oct,down5,298,32,0.5172933310393146
ctx_iwm_qqq_rs20,all,up5,807,85,-2.5249874565368313
ctx_iwm_qqq_rs20,all,down5,976,91,1.5035461461195387
ctx_iwm_qqq_rs20,May_July,up5,463,53,-4.0836059954945885
ctx_iwm_qqq_rs20,May_July,down5,678,59,2.280810476418582
ctx_iwm_qqq_rs20,Aug_Oct,up5,344,32,-2.5249874565368313
ctx_iwm_qqq_rs20,Aug_Oct,down5,298,32,-0.7988324071613317
ctx_qqq_return20,all,up5,807,85,0.4225786598929693
ctx_qqq_return20,all,down5,976,91,0.7520972535547954
ctx_qqq_return20,May_July,up5,463,53,6.444653342568829
ctx_qqq_return20,May_July,down5,678,59,-0.5421236073808067
ctx_qqq_return20,Aug_Oct,up5,344,32,-0.3481917381256694
ctx_qqq_return20,Aug_Oct,down5,298,32,1.5212365315519838
ctx_qqq_return5,all,up5,807,85,-0.3887550118830907
ctx_qqq_return5,all,down5,976,91,0.8855262244672035
ctx_qqq_return5,May_July,up5,463,53,-0.807358324803964
ctx_qqq_return5,May_July,down5,678,59,0.8855262244672035
ctx_qqq_return5,Aug_Oct,up5,344,32,-0.0775460775677694
ctx_qqq_return5,Aug_Oct,down5,298,32,0.8922381880633434
ctx_rsp_spy_rs20,all,up5,807,85,-0.6763836503437259
ctx_rsp_spy_rs20,all,down5,976,91,0.5803290614588841
ctx_rsp_spy_rs20,May_July,up5,463,53,-0.242770666380665
ctx_rsp_spy_rs20,May_July,down5,678,59,1.4995791849635287
ctx_rsp_spy_rs20,Aug_Oct,up5,344,32,-1.1032472686475223
ctx_rsp_spy_rs20,Aug_Oct,down5,298,32,0.0003265986190437477
ctx_smh_qqq_rs20,all,up5,807,85,-0.1723642833661443
ctx_smh_qqq_rs20,all,down5,976,91,0.7894764374094754
ctx_smh_qqq_rs20,May_July,up5,463,53,7.447785244661009
ctx_smh_qqq_rs20,May_July,down5,678,59,5.630422545934066
ctx_smh_qqq_rs20,Aug_Oct,up5,344,32,-2.5112929792235006
ctx_smh_qqq_rs20,Aug_Oct,down5,298,32,-3.043165509751178
ctx_tlt_return20,all,up5,807,85,-1.4936134833885115
ctx_tlt_return20,all,down5,976,91,-0.9551878198767904
ctx_tlt_return20,May_July,up5,463,53,-2.34113574066499
ctx_tlt_return20,May_July,down5,678,59,-0.3072584823816671
ctx_tlt_return20,Aug_Oct,up5,344,32,-1.323775062386101
ctx_tlt_return20,Aug_Oct,down5,298,32,-2.0243862433537485
ctx_vix_close,all,up5,807,85,17.100000381469727
ctx_vix_close,all,down5,976,91,16.450000762939453
ctx_vix_close,May_July,up5,463,53,17.989999771118164
ctx_vix_close,May_July,down5,678,59,16.899999618530273
ctx_vix_close,Aug_Oct,up5,344,32,15.850000381469728
ctx_vix_close,Aug_Oct,down5,298,32,15.1899995803833
di_spread,all,up5,807,85,-3.8299999999999983
di_spread,all,down5,976,91,0.9250000000000006
di_spread,May_July,up5,463,53,-2.7300000000000004
di_spread,May_July,down5,678,59,0.1600000000000001
di_spread,Aug_Oct,up5,344,32,-4.270000000000001
di_spread,Aug_Oct,down5,298,32,3.08
earnings_days,all,up5,789,82,-26.0
earnings_days,all,down5,949,89,-27.0
earnings_days,May_July,up5,445,50,-18.0
earnings_days,May_July,down5,656,57,-40.5
earnings_days,Aug_Oct,up5,344,32,-30.5
earnings_days,Aug_Oct,down5,293,32,-12.0
fund_currentRatio,all,up5,796,84,3.08
fund_currentRatio,all,down5,955,90,3.05
fund_currentRatio,May_July,up5,452,52,3.13
fund_currentRatio,May_July,down5,662,58,3.13
fund_currentRatio,Aug_Oct,up5,344,32,2.84
fund_currentRatio,Aug_Oct,down5,293,32,2.82
fund_debtToEquity,all,up5,783,84,0.36
fund_debtToEquity,all,down5,922,90,0.73
fund_debtToEquity,May_July,up5,439,52,0.4
fund_debtToEquity,May_July,down5,633,58,0.77
fund_debtToEquity,Aug_Oct,up5,344,32,0.345
fund_debtToEquity,Aug_Oct,down5,289,32,0.58
fund_epsQoq,all,up5,796,84,94.89
fund_epsQoq,all,down5,955,90,52.42
fund_epsQoq,May_July,up5,452,52,94.89
fund_epsQoq,May_July,down5,662,58,94.89
fund_epsQoq,Aug_Oct,up5,344,32,94.97
fund_epsQoq,Aug_Oct,down5,293,32,34.6
fund_epsTtm,all,up5,796,84,0.85
fund_epsTtm,all,down5,955,90,-0.06
fund_epsTtm,May_July,up5,452,52,0.7150000000000001
fund_epsTtm,May_July,down5,662,58,-0.06
fund_epsTtm,Aug_Oct,up5,344,32,0.855
fund_epsTtm,Aug_Oct,down5,293,32,-0.13
fund_grossMargin,all,up5,796,84,35.754999999999995
fund_grossMargin,all,down5,955,90,33.77
fund_grossMargin,May_July,up5,452,52,35.36
fund_grossMargin,May_July,down5,662,58,31.08
fund_grossMargin,Aug_Oct,up5,344,32,39.05
fund_grossMargin,Aug_Oct,down5,293,32,35.54
fund_market_cap,all,up5,796,84,57015000000.0
fund_market_cap,all,down5,955,90,53480000000.0
fund_market_cap,May_July,up5,452,52,50875000000.0
fund_market_cap,May_July,down5,662,58,55000000000.0
fund_market_cap,Aug_Oct,up5,344,32,62945000000.0
fund_market_cap,Aug_Oct,down5,293,32,50400000000.0
fund_operatingMargin,all,up5,796,84,9.9
fund_operatingMargin,all,down5,955,90,0.78
fund_operatingMargin,May_July,up5,452,52,8.21
fund_operatingMargin,May_July,down5,662,58,0.78
fund_operatingMargin,Aug_Oct,up5,344,32,12.205
fund_operatingMargin,Aug_Oct,down5,293,32,8.03
fund_pbr,all,up5,783,84,11.93
fund_pbr,all,down5,922,90,15.14
fund_pbr,May_July,up5,439,52,12.79
fund_pbr,May_July,down5,633,58,15.3
fund_pbr,Aug_Oct,up5,344,32,11.5
fund_pbr,Aug_Oct,down5,289,32,14.36
fund_per,all,up5,512,79,65.50999999999999
fund_per,all,down5,474,88,82.68
fund_per,May_July,up5,268,47,66.245
fund_per,May_July,down5,318,56,90.77000000000001
fund_per,Aug_Oct,up5,244,32,63.795
fund_per,Aug_Oct,down5,156,32,75.66499999999999
fund_priceToFreeCashFlow,all,up5,438,78,82.2
fund_priceToFreeCashFlow,all,down5,437,88,105.07
fund_priceToFreeCashFlow,May_July,up5,229,46,82.99
fund_priceToFreeCashFlow,May_July,down5,280,57,108.59
fund_priceToFreeCashFlow,Aug_Oct,up5,209,32,72.32
fund_priceToFreeCashFlow,Aug_Oct,down5,157,31,97.94
fund_priceToSales,all,up5,796,84,19.42
fund_priceToSales,all,down5,955,90,25.7
fund_priceToSales,May_July,up5,452,52,22.015
fund_priceToSales,May_July,down5,662,58,27.4
fund_priceToSales,Aug_Oct,up5,344,32,17.895000000000003
fund_priceToSales,Aug_Oct,down5,293,32,22.89
fund_roe,all,up5,796,84,10.75
fund_roe,all,down5,955,90,5.07
fund_roe,May_July,up5,452,52,10.75
fund_roe,May_July,down5,662,58,5.07
fund_roe,Aug_Oct,up5,344,32,14.51
fund_roe,Aug_Oct,down5,293,32,0.87
fund_ruleOf40,all,up5,796,84,58.38
fund_ruleOf40,all,down5,955,90,46.04
fund_ruleOf40,May_July,up5,452,52,57.54
fund_ruleOf40,May_July,down5,662,58,45.4
fund_ruleOf40,Aug_Oct,up5,344,32,65.00999999999999
fund_ruleOf40,Aug_Oct,down5,293,32,46.04
fund_sales,all,up5,796,84,2490000000.0
fund_sales,all,down5,955,90,1000000000.0
fund_sales,May_July,up5,452,52,1340000000.0
fund_sales,May_July,down5,662,58,879490000.0
fund_sales,Aug_Oct,up5,344,32,4460000000.0
fund_sales,Aug_Oct,down5,293,32,1340000000.0
fund_salesQoq,all,up5,796,84,50.11
fund_salesQoq,all,down5,955,90,44.07
fund_salesQoq,May_July,up5,452,52,44.07
fund_salesQoq,May_July,down5,662,58,44.07
fund_salesQoq,Aug_Oct,up5,344,32,61.99
fund_salesQoq,Aug_Oct,down5,293,32,42.08
fund_salesYoyTtm,all,up5,796,84,45.83
fund_salesYoyTtm,all,down5,955,90,45.83
fund_salesYoyTtm,May_July,up5,452,52,37.96
fund_salesYoyTtm,May_July,down5,662,58,45.83
fund_salesYoyTtm,Aug_Oct,up5,344,32,52.53
fund_salesYoyTtm,Aug_Oct,down5,293,32,37.96
high52_age,all,up5,466,42,47.0
high52_age,all,down5,364,42,40.0
high52_age,May_July,up5,122,10,36.0
high52_age,May_July,down5,66,10,21.5
high52_age,Aug_Oct,up5,344,32,51.0
high52_age,Aug_Oct,down5,298,32,45.0
high52_distance,all,up5,466,42,-38.855000000000004
high52_distance,all,down5,364,42,-32.99
high52_distance,May_July,up5,122,10,-45.55
high52_distance,May_July,down5,66,10,-25.965
high52_distance,Aug_Oct,up5,344,32,-37.135
high52_distance,Aug_Oct,down5,298,32,-34.394999999999996
hist,all,up5,807,85,-0.31
hist,all,down5,976,91,-0.11
hist,May_July,up5,463,53,-0.6
hist,May_July,down5,678,59,-0.38
hist,Aug_Oct,up5,344,32,-0.025
hist,Aug_Oct,down5,298,32,1.27
hist_change,all,up5,807,85,-0.0519847016449445
hist_change,all,down5,976,91,-0.01327596535989095
hist_change,May_July,up5,463,53,-0.1520067818410359
hist_change,May_July,down5,678,59,0.0
hist_change,Aug_Oct,up5,344,32,0.06130994773727505
hist_change,Aug_Oct,down5,298,32,-0.036251094028450004
intraday_recovery,all,up5,721,77,-0.1070950468540776
intraday_recovery,all,down5,921,86,-0.4969268994376774
intraday_recovery,May_July,up5,402,46,-0.1465554557404491
intraday_recovery,May_July,down5,629,54,-0.5409499080385127
intraday_recovery,Aug_Oct,up5,319,31,-0.0059726452846131
intraday_recovery,Aug_Oct,down5,292,32,-0.3621335674570847
lower_wick,all,up5,807,85,0.2356194690265483
lower_wick,all,down5,976,91,0.23119833426564945
lower_wick,May_July,up5,463,53,0.2454545454545455
lower_wick,May_July,down5,678,59,0.23460628829127894
lower_wick,Aug_Oct,up5,344,32,0.23170241155348043
lower_wick,Aug_Oct,down5,298,32,0.22441086861206677
ma20dist,all,up5,807,85,-2.4551214361140383
ma20dist,all,down5,976,91,0.7004646286961513
ma20dist,May_July,up5,463,53,-1.4023732470334282
ma20dist,May_July,down5,678,59,-1.2154449380731625
ma20dist,Aug_Oct,up5,344,32,-3.1161995559590148
ma20dist,Aug_Oct,down5,298,32,3.6767091666596974
observed_rsi_change5,all,up5,715,78,-3.0700000000000003
observed_rsi_change5,all,down5,855,86,-1.0700000000000005
observed_rsi_change5,May_July,up5,371,46,-4.619999999999997
observed_rsi_change5,May_July,down5,583,54,-3.2300000000000004
observed_rsi_change5,Aug_Oct,up5,344,32,-0.23500000000000296
observed_rsi_change5,Aug_Oct,down5,272,32,4.504999999999999
observed_slope_change5,all,up5,590,66,-1.4449999999999998
observed_slope_change5,all,down5,768,75,0.3299999999999999
observed_slope_change5,May_July,up5,246,34,-1.9000000000000001
observed_slope_change5,May_July,down5,496,43,-0.8750000000000004
observed_slope_change5,Aug_Oct,up5,344,32,-1.165
observed_slope_change5,Aug_Oct,down5,272,32,2.59
observed_squeeze_change5,all,up5,715,78,-0.003310348681413
observed_squeeze_change5,all,down5,855,86,-0.0153859930669947
observed_squeeze_change5,May_July,up5,371,46,0.0401827575240074
observed_squeeze_change5,May_July,down5,583,54,-0.0167411268011594
observed_squeeze_change5,Aug_Oct,up5,344,32,-0.031131019697233753
observed_squeeze_change5,Aug_Oct,down5,272,32,-0.0060891830792549
observed_vol20_change5,all,up5,715,78,0.03
observed_vol20_change5,all,down5,855,86,-0.0299999999999999
observed_vol20_change5,May_July,up5,371,46,0.0599999999999999
observed_vol20_change5,May_July,down5,583,54,-0.03
observed_vol20_change5,Aug_Oct,up5,344,32,0.015
observed_vol20_change5,Aug_Oct,down5,272,32,-0.01
obv20,all,up5,466,42,-2.75
obv20,all,down5,364,42,-0.835
obv20,May_July,up5,122,10,-6.25
obv20,May_July,down5,66,10,-2.61
obv20,Aug_Oct,up5,344,32,-1.6400000000000001
obv20,Aug_Oct,down5,298,32,-0.55
pctB,all,up5,807,85,40.66
pctB,all,down5,976,91,52.215
pctB,May_July,up5,463,53,45.01
pctB,May_July,down5,678,59,44.995000000000005
pctB,Aug_Oct,up5,344,32,38.3
pctB,Aug_Oct,down5,298,32,61.480000000000004
peer_breadth20,all,up5,806,84,0.4285714285714285
peer_breadth20,all,down5,976,91,0.5357142857142857
peer_breadth20,May_July,up5,462,52,0.5333333333333333
peer_breadth20,May_July,down5,678,59,0.5
peer_breadth20,Aug_Oct,up5,344,32,0.3448275862068966
peer_breadth20,Aug_Oct,down5,298,32,0.5833333333333334
peer_rs20,all,up5,806,84,-1.2185372990360488
peer_rs20,all,down5,976,91,1.4524993528703343
peer_rs20,May_July,up5,462,52,-1.1814639066241894
peer_rs20,May_July,down5,678,59,0.8627754843603208
peer_rs20,Aug_Oct,up5,344,32,-1.3362123692037962
peer_rs20,Aug_Oct,down5,298,32,2.187567036134138
premium,all,up5,807,85,32.5833774483854
premium,all,down5,976,91,37.21676356654204
premium,May_July,up5,463,53,49.55284552845527
premium,May_July,down5,678,59,51.482623663473014
premium,Aug_Oct,up5,344,32,22.304207225184204
premium,Aug_Oct,down5,298,32,14.472051276378462
price_dollar_volume20,all,up5,807,85,1869087742.5128176
price_dollar_volume20,all,down5,976,91,2008820899.1154861
price_dollar_volume20,May_July,up5,463,53,1763468089.3502045
price_dollar_volume20,May_July,down5,678,59,2362749423.895874
price_dollar_volume20,Aug_Oct,up5,344,32,2175974780.068531
price_dollar_volume20,Aug_Oct,down5,298,32,1405390346.7793274
price_return20,all,up5,807,85,-2.85790579242412
price_return20,all,down5,976,91,2.603327783211562
price_return20,May_July,up5,463,53,3.5714240972353206
price_return20,May_July,down5,678,59,2.2193470132829907
price_return20,Aug_Oct,up5,344,32,-6.9751620489276025
price_return20,Aug_Oct,down5,298,32,2.813745200010731
price_return3,all,up5,807,85,-1.9812977982498037
price_return3,all,down5,976,91,-0.4940178233673487
price_return3,May_July,up5,463,53,-3.7063699337845257
price_return3,May_July,down5,678,59,-1.0329848467548919
price_return3,Aug_Oct,up5,344,32,-0.4153394788203757
price_return3,Aug_Oct,down5,298,32,0.6418708495285697
price_rs_smh20,all,up5,807,85,-6.510047688103072
price_rs_smh20,all,down5,976,91,-0.34686756288560544
price_rs_smh20,May_July,up5,463,53,-8.52332835084172
price_rs_smh20,May_July,down5,678,59,-2.7003873749375575
price_rs_smh20,Aug_Oct,up5,344,32,-4.810472124100568
price_rs_smh20,Aug_Oct,down5,298,32,3.2907805815029056
rs20,all,up5,466,42,-10.98
rs20,all,down5,364,42,-0.45999999999999996
rs20,May_July,up5,122,10,-23.295
rs20,May_July,down5,66,10,-11.7
rs20,Aug_Oct,up5,344,32,-7.145
rs20,Aug_Oct,down5,298,32,1.0950000000000002
rsi,all,up5,807,85,47.64
rsi,all,down5,976,91,52.115
rsi,May_July,up5,463,53,51.37
rsi,May_July,down5,678,59,49.724999999999994
rsi,Aug_Oct,up5,344,32,45.095
rsi,Aug_Oct,down5,298,32,55.584999999999994
rsi_change,all,up5,807,85,-0.5899999999999999
rsi_change,all,down5,976,91,0.4150000000000009
rsi_change,May_July,up5,463,53,-1.4200000000000017
rsi_change,May_July,down5,678,59,0.21499999999999625
rsi_change,Aug_Oct,up5,344,32,1.1950000000000003
rsi_change,Aug_Oct,down5,298,32,0.8150000000000013
slope,all,up5,623,72,-1.85
slope,all,down5,931,80,0.44
slope,May_July,up5,279,40,-2.2
slope,May_July,down5,633,48,0.86
slope,Aug_Oct,up5,344,32,-1.795
slope,Aug_Oct,down5,298,32,0.14500000000000002
squeeze,all,up5,807,85,0.9234756097560975
squeeze,all,down5,976,91,0.8509946071343146
squeeze,May_July,up5,463,53,1.0453125
squeeze,May_July,down5,678,59,0.8475941404614505
squeeze,Aug_Oct,up5,344,32,0.7537341173228487
squeeze,Aug_Oct,down5,298,32,0.8701225768324349
vol20,all,up5,807,85,0.92
vol20,all,down5,976,91,0.86
vol20,May_July,up5,463,53,0.94
vol20,May_July,down5,678,59,0.86
vol20,Aug_Oct,up5,344,32,0.895
vol20,Aug_Oct,down5,298,32,0.855
width_change,all,up5,807,85,-0.0054878048780487
width_change,all,down5,976,91,0.0017653761668986
width_change,May_July,up5,463,53,0.0
width_change,May_July,down5,678,59,0.0023691031851521
width_change,Aug_Oct,up5,344,32,-0.01189327498593385
width_change,Aug_Oct,down5,298,32,0.0010685984516505
